pairid,a_id,b_id,higher_arousal,unsure_arousal,higher_valence,unsure_valence,triplet_id,spotify_agreement_arousal,ded_agreement_arousal,dmm_agreement_arousal,dva_agreement_arousal,eed_agreement_arousal,emm_agreement_arousal,eva_agreement_arousal,spotify_agreement_valence,ded_agreement_valence,dmm_agreement_valence,dva_agreement_valence,eed_agreement_valence,emm_agreement_valence,eva_agreement_valence
7182e050cb904bfea5481650c4105701-3VGna0Rewe9Mzvrdycsyg2-76JrvGv3AXciX58uSX1gOY,3VGna0Rewe9Mzvrdycsyg2,76JrvGv3AXciX58uSX1gOY,a,off,a,off,7182e050cb904bfea5481650c4105701,1,1,1,1,1,1,1,1,1,1,1,0,1,1
382f3da0904e466a851e9916781a3012-0b9kzYFHbjuFHqJNiGsw5L-7A2Nh1ty5KljKtbFsHv9GZ,0b9kzYFHbjuFHqJNiGsw5L,7A2Nh1ty5KljKtbFsHv9GZ,equivalent,off,equivalent,off,382f3da0904e466a851e9916781a3012,0,1,0,0,0,0,0,0,0,0,0,0,0,0
ebe3c3ff5a9f4813bf3230afebd83dce-54IAZXQ1QKmu84QxGHHgJ3-6cJLfIqwh0tCKRjYM3WpZ5,54IAZXQ1QKmu84QxGHHgJ3,6cJLfIqwh0tCKRjYM3WpZ5,b,off,b,off,ebe3c3ff5a9f4813bf3230afebd83dce,1,1,1,1,1,1,1,1,1,1,1,1,1,1
06433f576bce47419dfedfb1d6d976fa-0ktHIWiNl4NaVyUAXMbRyf-1f8upakmMaN49wRu51MJCX,0ktHIWiNl4NaVyUAXMbRyf,1f8upakmMaN49wRu51MJCX,a,off,a,off,06433f576bce47419dfedfb1d6d976fa,1,0,0,1,1,1,1,0,1,1,1,1,0,1
1b02f828d27049dfbae3caed2011ed46-3FT5rciS8hsMzTrWNPcKIC-4DPRxuevAJUdeGco6vG021,3FT5rciS8hsMzTrWNPcKIC,4DPRxuevAJUdeGco6vG021,equivalent,off,equivalent,off,1b02f828d27049dfbae3caed2011ed46,1,0,1,0,0,0,0,0,0,0,0,0,0,0
d6cbd407721d429db3db89b8aa503afc-0zf1BQJ4om2qU0W9muvnLn-39YNVs04932HUztTFdS7F8,0zf1BQJ4om2qU0W9muvnLn,39YNVs04932HUztTFdS7F8,equivalent,off,equivalent,off,d6cbd407721d429db3db89b8aa503afc,0,0,0,0,0,0,0,0,0,0,0,0,0,0
db4e2b76f4ae4010a3345d045ec36562-11sC0rKY4O7CYfEk551Ee5-1ZnxhzyrBQg1Zix4Y2j017,11sC0rKY4O7CYfEk551Ee5,1ZnxhzyrBQg1Zix4Y2j017,b,off,a,off,db4e2b76f4ae4010a3345d045ec36562,1,1,1,1,1,1,1,0,0,0,0,0,0,0
ab6bedd345e3432a84309aa1a3acb427-3oVgYDihp06yhea25YjOOm-5SuuIiMavLj9kvLqp2Obph,3oVgYDihp06yhea25YjOOm,5SuuIiMavLj9kvLqp2Obph,equivalent,off,equivalent,off,ab6bedd345e3432a84309aa1a3acb427,0,0,0,0,0,0,0,0,0,0,0,0,0,0
9b6d62d535694d3989de1a4d247ba1c5-0ENV8cY0bwun9qSQkh195f-3j1WBK1zvZd0oosBisQoOp,0ENV8cY0bwun9qSQkh195f,3j1WBK1zvZd0oosBisQoOp,a,off,equivalent,off,9b6d62d535694d3989de1a4d247ba1c5,0,1,1,1,0,0,0,0,0,0,0,0,0,0
895d874393f34a548d596d8fa7823935-4XLVg8qERMwZBy0HHr2DdW-5VWiodZjbO031AQiZW4ogu,4XLVg8qERMwZBy0HHr2DdW,5VWiodZjbO031AQiZW4ogu,equivalent,off,a,off,895d874393f34a548d596d8fa7823935,0,0,0,0,0,0,0,0,1,0,0,1,0,0
96f8c91e6c3a4bf486573e70553f65a0-2VJtcBv6So3ZRpzlnCrZnp-7dPRAkm7CVftygF7hzfPLQ,2VJtcBv6So3ZRpzlnCrZnp,7dPRAkm7CVftygF7hzfPLQ,a,off,a,off,96f8c91e6c3a4bf486573e70553f65a0,0,0,0,0,0,0,0,0,1,0,0,1,0,0
d6cbd407721d429db3db89b8aa503afc-0zf1BQJ4om2qU0W9muvnLn-17b9gnwdOzZgQ1VBiaFYup,0zf1BQJ4om2qU0W9muvnLn,17b9gnwdOzZgQ1VBiaFYup,b,off,equivalent,off,d6cbd407721d429db3db89b8aa503afc,1,0,1,1,0,1,1,0,0,0,0,0,0,0
c32e7b95be384d50838d618ae5f40833-2cNiej42Xd26nrpMgmNV1g-4tgDRwS6xWBnBrR2OhWacU,2cNiej42Xd26nrpMgmNV1g,4tgDRwS6xWBnBrR2OhWacU,b,off,a,off,c32e7b95be384d50838d618ae5f40833,1,1,1,1,1,1,1,0,0,0,0,0,0,0
e288d9a78d634cd3bb6913217f81f8c5-2NAsNNtrnkBMGPXJ6V5cVy-2Z0wYj3FALeUxrLtdLYMJH,2NAsNNtrnkBMGPXJ6V5cVy,2Z0wYj3FALeUxrLtdLYMJH,a,off,b,off,e288d9a78d634cd3bb6913217f81f8c5,1,0,0,1,1,0,1,0,1,0,0,1,1,0
f18a9673be7d4fa5a3be5b8c7800d0f2-2IHaGyfxNoFPLJnaEg4GTs-5RAfJM5qFlh2t5DXgrhUCP,2IHaGyfxNoFPLJnaEg4GTs,5RAfJM5qFlh2t5DXgrhUCP,equivalent,off,equivalent,off,f18a9673be7d4fa5a3be5b8c7800d0f2,0,0,0,0,0,0,0,0,0,0,0,0,0,1
d5b2e61226194b7fa120029b7d831364-0mpMW3nRwpCasH1phB9c2o-5oUiTMh3eRmt4hSWrYSZAZ,0mpMW3nRwpCasH1phB9c2o,5oUiTMh3eRmt4hSWrYSZAZ,equivalent,off,b,off,d5b2e61226194b7fa120029b7d831364,0,0,0,0,0,0,0,1,1,1,1,1,1,1
d8356c6f92e649298931229a09e1bd9b-3E8HmzYitePc6aSbmdJTmP-5BYIkn8n2YBqgZSOAUgKMd,3E8HmzYitePc6aSbmdJTmP,5BYIkn8n2YBqgZSOAUgKMd,a,off,a,off,d8356c6f92e649298931229a09e1bd9b,1,1,1,1,1,1,1,0,1,1,1,1,1,1
ebabe75556aa4dd790cd210df728c30e-1xUXu6NZ2tcP9GQ429kaUJ-67FunyISd3BBWRO2SwQcMW,1xUXu6NZ2tcP9GQ429kaUJ,67FunyISd3BBWRO2SwQcMW,b,off,a,off,ebabe75556aa4dd790cd210df728c30e,1,1,0,0,1,1,1,1,0,0,0,0,1,1
319e887c21f9493aa3d9804f57cf17fa-4Zh7R0yX6T5QehcTtdC8Uw-6hae4FKhe6GE6VPjo9avaB,4Zh7R0yX6T5QehcTtdC8Uw,6hae4FKhe6GE6VPjo9avaB,b,off,a,off,319e887c21f9493aa3d9804f57cf17fa,1,0,0,0,1,0,1,1,0,0,0,1,1,1
7872c3ab125c4f36a9383333dc3612de-0jeqQt5rMD2fnilGupFPrt-2Nlscuog6PEPrWW4FWjKs8,0jeqQt5rMD2fnilGupFPrt,2Nlscuog6PEPrWW4FWjKs8,a,off,a,off,7872c3ab125c4f36a9383333dc3612de,1,1,1,1,1,1,1,0,1,1,1,1,1,1
208147281fe94260bfec7c1d71d419f8-63OQupATfueTdZMWTxW03A-6BGTLwYhPmKJTtpY6xgju2,63OQupATfueTdZMWTxW03A,6BGTLwYhPmKJTtpY6xgju2,b,off,b,off,208147281fe94260bfec7c1d71d419f8,0,0,0,0,0,0,0,1,0,0,0,1,1,1
088f37d080724afe8e4510e73a545564-1dMBNq9D2yK4OHuaCKMa76-7CeRWs6kX4dpiVqV05pyey,1dMBNq9D2yK4OHuaCKMa76,7CeRWs6kX4dpiVqV05pyey,b,off,b,off,088f37d080724afe8e4510e73a545564,1,1,1,1,1,1,1,0,1,1,1,1,1,1
d8356c6f92e649298931229a09e1bd9b-1UzToWI08oeALYHDnLJtEu-5BYIkn8n2YBqgZSOAUgKMd,1UzToWI08oeALYHDnLJtEu,5BYIkn8n2YBqgZSOAUgKMd,a,off,a,off,d8356c6f92e649298931229a09e1bd9b,1,1,1,1,1,1,1,1,1,1,1,1,1,1
db4e2b76f4ae4010a3345d045ec36562-1ZnxhzyrBQg1Zix4Y2j017-57a8sOc39lnCZzEmRWppce,1ZnxhzyrBQg1Zix4Y2j017,57a8sOc39lnCZzEmRWppce,a,off,b,off,db4e2b76f4ae4010a3345d045ec36562,1,1,1,1,1,1,1,0,0,0,0,0,0,0
5ca712360f5d4ef7944e916d6dc77487-1Mp0VnK8tBAjgnkICTO2C2-4t6RRtH86AHuTZQ8x4yBPb,1Mp0VnK8tBAjgnkICTO2C2,4t6RRtH86AHuTZQ8x4yBPb,a,off,b,off,5ca712360f5d4ef7944e916d6dc77487,1,1,1,1,1,1,1,1,0,0,0,0,0,0
657bd52e719f4d3ab92ff069b2277a52-1p5e91AoOaUA5hsi2FeKGv-2teSLnlDwFbAFza8rZihj0,1p5e91AoOaUA5hsi2FeKGv,2teSLnlDwFbAFza8rZihj0,b,off,a,off,657bd52e719f4d3ab92ff069b2277a52,0,1,0,1,1,0,1,0,0,1,0,0,0,0
dd194fcc319946dfaf1e2132c9f1e1b8-24zP7HDzOD078cjG0q61i3-5wDFh3bQmCRCnH6miOngrs,24zP7HDzOD078cjG0q61i3,5wDFh3bQmCRCnH6miOngrs,b,off,a,off,dd194fcc319946dfaf1e2132c9f1e1b8,0,0,0,0,0,1,0,1,1,0,1,1,1,1
d6cbd407721d429db3db89b8aa503afc-17b9gnwdOzZgQ1VBiaFYup-39YNVs04932HUztTFdS7F8,17b9gnwdOzZgQ1VBiaFYup,39YNVs04932HUztTFdS7F8,equivalent,off,a,off,d6cbd407721d429db3db89b8aa503afc,0,0,0,0,0,0,0,1,0,0,0,0,1,1
0ca62ea31f5744fda98e866434f423b4-682XjN6L1Qhs5rXbuGSQKK-68FPQb43QsZdGdFgey8Zl3,682XjN6L1Qhs5rXbuGSQKK,68FPQb43QsZdGdFgey8Zl3,a,off,b,off,0ca62ea31f5744fda98e866434f423b4,1,1,1,1,1,1,1,0,0,0,0,0,0,0
6ca7b92dbaee4a8ebff6730980847c4e-41JLeAkwHqFQwmIHEqHc1a-4hmwu3e0flrPY49HpSMSHE,41JLeAkwHqFQwmIHEqHc1a,4hmwu3e0flrPY49HpSMSHE,equivalent,off,equivalent,off,6ca7b92dbaee4a8ebff6730980847c4e,0,0,0,0,0,0,0,1,0,0,0,0,0,0
bf715bffa7ab4937a089dd318dc5fdd4-6Xz87GPpMf0LnuG2XjdBbp-7tOl19Rwv41c5ERDWvfBWp,6Xz87GPpMf0LnuG2XjdBbp,7tOl19Rwv41c5ERDWvfBWp,b,off,a,off,bf715bffa7ab4937a089dd318dc5fdd4,0,0,0,0,0,0,0,1,1,1,0,0,1,1
7eb2d0dac4cf41dd82c38c52c54d4ae4-1AluskjFqJEP2WVOAEryBS-4ptPiH5pwgLj2M2gFhu0uz,1AluskjFqJEP2WVOAEryBS,4ptPiH5pwgLj2M2gFhu0uz,a,off,a,off,7eb2d0dac4cf41dd82c38c52c54d4ae4,1,1,1,0,1,1,1,0,0,0,0,0,0,0
ea08d0c2a91c4ac4961007de600dbd90-28nlAV0NMJczJRP3svBLbz-2o6pna5Xx22CjZ0MqYtSfx,28nlAV0NMJczJRP3svBLbz,2o6pna5Xx22CjZ0MqYtSfx,a,off,b,off,ea08d0c2a91c4ac4961007de600dbd90,1,0,0,0,1,1,1,1,0,0,0,0,0,0
e1244a60a2144e9d9c17ab7e93b54eec-0K2yX5bNS5U2VbUE4wncvR-1Ptf4L3HaO3Pa9ZvkK1HAg,0K2yX5bNS5U2VbUE4wncvR,1Ptf4L3HaO3Pa9ZvkK1HAg,b,off,b,off,e1244a60a2144e9d9c17ab7e93b54eec,1,1,1,1,1,1,1,1,1,1,1,1,1,1
5f64f8e487e94ee9b97547ef6942c74d-4SVb5IXwVJlcsvtEIA76BQ-5taQsLHbUf8WvzcBnUEpxe,4SVb5IXwVJlcsvtEIA76BQ,5taQsLHbUf8WvzcBnUEpxe,a,off,a,off,5f64f8e487e94ee9b97547ef6942c74d,1,1,1,1,1,1,1,1,1,1,1,1,1,1
9b6d62d535694d3989de1a4d247ba1c5-0ENV8cY0bwun9qSQkh195f-5gZrfMHRAzVfM66YyWXUs6,0ENV8cY0bwun9qSQkh195f,5gZrfMHRAzVfM66YyWXUs6,a,off,b,off,9b6d62d535694d3989de1a4d247ba1c5,0,0,0,1,0,0,1,1,1,1,0,1,1,0
c66dac85ee3a4666a4c68643538db306-1aGx8NgFcC1SO6KP8WiMKa-3WquUOQuUHIJc7l86FGA52,1aGx8NgFcC1SO6KP8WiMKa,3WquUOQuUHIJc7l86FGA52,b,off,equivalent,off,c66dac85ee3a4666a4c68643538db306,1,0,1,1,1,1,0,0,0,0,0,0,0,1
657f38fc0a904415aaa27ac137d6aace-0nhlsJHrfmxMIWYKAeQYIk-2Jok6fkKmcP7Lp7XLzQ1wj,0nhlsJHrfmxMIWYKAeQYIk,2Jok6fkKmcP7Lp7XLzQ1wj,a,off,b,off,657f38fc0a904415aaa27ac137d6aace,1,0,1,1,0,1,1,0,1,0,0,1,1,0
e1244a60a2144e9d9c17ab7e93b54eec-1Ptf4L3HaO3Pa9ZvkK1HAg-2lxBZVbkiCXC1soks2RXwV,1Ptf4L3HaO3Pa9ZvkK1HAg,2lxBZVbkiCXC1soks2RXwV,a,off,a,off,e1244a60a2144e9d9c17ab7e93b54eec,1,1,1,1,1,1,1,1,1,1,1,1,1,1
719f8495e34c415594d2565aa42311be-6HJgtZbak1dQaiPf5W2k4E-6Vjb3iHeWXbemVVOIVA6OQ,6HJgtZbak1dQaiPf5W2k4E,6Vjb3iHeWXbemVVOIVA6OQ,b,off,b,off,719f8495e34c415594d2565aa42311be,1,1,1,1,1,1,0,0,1,1,1,1,0,1
bd79aaecaa6545c3a9d62a1f8351552b-1idSjEVsZTtAoGbIvJs4Wy-6AtpT1NzEgXmimb8x5kt3p,1idSjEVsZTtAoGbIvJs4Wy,6AtpT1NzEgXmimb8x5kt3p,a,off,a,off,bd79aaecaa6545c3a9d62a1f8351552b,1,1,1,1,1,1,1,1,1,1,1,1,1,1
85f355a5617b40a08f0573f738efa399-0HKRkyF5yNMFh4qoYDtRCH-1VcUS9RoRpcJx6HhZ0gQIV,0HKRkyF5yNMFh4qoYDtRCH,1VcUS9RoRpcJx6HhZ0gQIV,a,off,a,off,85f355a5617b40a08f0573f738efa399,1,1,1,1,1,1,1,0,1,1,1,1,1,1
258068597a1743acbc1e3d221fc79017-0PJDYtpq8UIi2a3pCwOONd-6sbQ7bfPNqfbsZYDRH9Jvx,0PJDYtpq8UIi2a3pCwOONd,6sbQ7bfPNqfbsZYDRH9Jvx,a,off,b,off,258068597a1743acbc1e3d221fc79017,0,1,1,1,1,1,0,1,0,0,0,0,0,1
e453da92f87c4e0ea8097374a5230325-0k0931j52L3gM7bljc9qo7-2bSNBXRpolOTkNx47eGUO8,0k0931j52L3gM7bljc9qo7,2bSNBXRpolOTkNx47eGUO8,b,off,equivalent,off,e453da92f87c4e0ea8097374a5230325,0,1,1,0,1,1,1,0,0,0,0,0,0,0
ebe3c3ff5a9f4813bf3230afebd83dce-2gYqdEs14iQc2cDpF94zfh-6cJLfIqwh0tCKRjYM3WpZ5,2gYqdEs14iQc2cDpF94zfh,6cJLfIqwh0tCKRjYM3WpZ5,a,off,b,off,ebe3c3ff5a9f4813bf3230afebd83dce,1,0,1,0,1,1,1,1,0,0,0,1,0,1
f39a589de57540a8bc82989179f4444c-5Fcra9ACDSDT1IB4z9SOgm-5rmbMfn4l6pZdTypbJ5FYc,5Fcra9ACDSDT1IB4z9SOgm,5rmbMfn4l6pZdTypbJ5FYc,a,off,b,off,f39a589de57540a8bc82989179f4444c,0,0,0,0,0,0,0,1,1,1,0,1,1,1
fd3c5a09a4f746299e5d853841ec07b5-2FuqRe4HIfExMP9noBUoZN-7rVhW9T2OxhHTkMrjLf2w4,2FuqRe4HIfExMP9noBUoZN,7rVhW9T2OxhHTkMrjLf2w4,b,off,a,off,fd3c5a09a4f746299e5d853841ec07b5,1,0,0,0,0,0,0,0,0,1,1,1,1,1
434e08f2845547919d71ea671936073f-2gNHb82MYOSXY4uG767jqL-40S9JPunfNtRXLP1AsIpNj,2gNHb82MYOSXY4uG767jqL,40S9JPunfNtRXLP1AsIpNj,b,off,a,off,434e08f2845547919d71ea671936073f,1,0,0,0,1,0,1,1,0,1,1,0,1,0
ebabe75556aa4dd790cd210df728c30e-1xUXu6NZ2tcP9GQ429kaUJ-4iqsas8M99WFMyOEyRjt9I,1xUXu6NZ2tcP9GQ429kaUJ,4iqsas8M99WFMyOEyRjt9I,a,off,a,off,ebabe75556aa4dd790cd210df728c30e,1,1,1,1,1,1,1,1,1,1,1,1,1,1
258068597a1743acbc1e3d221fc79017-1l6nXc1niVewTIfgnlxgGh-6sbQ7bfPNqfbsZYDRH9Jvx,1l6nXc1niVewTIfgnlxgGh,6sbQ7bfPNqfbsZYDRH9Jvx,a,off,a,off,258068597a1743acbc1e3d221fc79017,1,1,1,1,1,1,1,1,1,1,1,1,1,1
e453da92f87c4e0ea8097374a5230325-0k0931j52L3gM7bljc9qo7-2KAzG49Cr9OLbQiMNmhONn,0k0931j52L3gM7bljc9qo7,2KAzG49Cr9OLbQiMNmhONn,a,off,a,off,e453da92f87c4e0ea8097374a5230325,0,1,1,1,0,0,0,0,0,0,1,1,1,1
27aa404169a244868e9231a6f87f7988-1b0Ysj1GSYYA1liar5pSzC-1tBVMHom1wGGif0SnLbzRy,1b0Ysj1GSYYA1liar5pSzC,1tBVMHom1wGGif0SnLbzRy,b,off,b,off,27aa404169a244868e9231a6f87f7988,1,1,1,1,1,1,1,1,1,1,1,1,1,1
8fcad6668e824ce891479f4e01814be7-0A8ZgkjgV2WMjJGEingvHm-1RcWWgnw5fVm3wcNq11zBu,0A8ZgkjgV2WMjJGEingvHm,1RcWWgnw5fVm3wcNq11zBu,b,off,b,off,8fcad6668e824ce891479f4e01814be7,1,1,1,1,1,1,1,1,1,1,1,1,1,1
554bf4de53754fe19376c147e93679cd-6Di0ZM5lts34FhpRhPwt28-6btjFTvoxZggtqqqVroO0q,6Di0ZM5lts34FhpRhPwt28,6btjFTvoxZggtqqqVroO0q,a,off,a,off,554bf4de53754fe19376c147e93679cd,1,1,1,1,1,1,1,1,1,1,1,1,1,1
bf715bffa7ab4937a089dd318dc5fdd4-0iaTHjjwE5eSjnHqlhKmfk-7tOl19Rwv41c5ERDWvfBWp,0iaTHjjwE5eSjnHqlhKmfk,7tOl19Rwv41c5ERDWvfBWp,b,off,equivalent,off,bf715bffa7ab4937a089dd318dc5fdd4,1,1,1,1,1,1,1,0,0,0,0,0,0,0
8fcad6668e824ce891479f4e01814be7-1RcWWgnw5fVm3wcNq11zBu-6ad10kjPhLwQgdfQRtkVhe,1RcWWgnw5fVm3wcNq11zBu,6ad10kjPhLwQgdfQRtkVhe,a,off,a,off,8fcad6668e824ce891479f4e01814be7,1,1,1,1,1,1,1,1,1,1,1,1,1,1
6b12db291fa64f65966e879f094d8ba6-29NctYvQKXdQ3i4ZGmYBQU-7g21lXTmZhNx4j2c7Ni6a4,29NctYvQKXdQ3i4ZGmYBQU,7g21lXTmZhNx4j2c7Ni6a4,b,off,b,off,6b12db291fa64f65966e879f094d8ba6,1,0,1,1,0,1,1,1,0,1,1,1,1,1
7721880144404c6facad0ccab5403173-2N7xaeH8rNjg0jD7svVFjz-5cMmSjvcIiBFkI72hIbPog,2N7xaeH8rNjg0jD7svVFjz,5cMmSjvcIiBFkI72hIbPog,b,off,a,off,7721880144404c6facad0ccab5403173,1,1,1,1,1,1,1,0,0,0,0,0,0,0
ef71d6547bb14d76abd917ba5eff793a-0oqgmnOc28UqGKGlVTAkzm-2zolKF02IrH69qcCSVivxO,0oqgmnOc28UqGKGlVTAkzm,2zolKF02IrH69qcCSVivxO,a,off,a,off,ef71d6547bb14d76abd917ba5eff793a,1,1,1,1,1,1,1,0,1,1,1,1,1,1
dc9769d3ff114dcb92acac84eb0650a6-2QgAmr8sVBoYrzrqeIMXot-3qsVzxRJu7dffK80LTSeqw,2QgAmr8sVBoYrzrqeIMXot,3qsVzxRJu7dffK80LTSeqw,b,off,a,off,dc9769d3ff114dcb92acac84eb0650a6,1,1,1,1,1,1,1,0,0,0,0,0,0,0
088f37d080724afe8e4510e73a545564-1dMBNq9D2yK4OHuaCKMa76-4mPwqe3Z9ow3DdnceAhHYG,1dMBNq9D2yK4OHuaCKMa76,4mPwqe3Z9ow3DdnceAhHYG,b,off,b,off,088f37d080724afe8e4510e73a545564,1,1,1,1,1,1,1,1,1,1,1,1,1,1
a0a55880baa749118d5fbeb0bd72eaca-63ysVCXZbinuzZ2oVaSAer-6EDO9iiTtwNv6waLwa1UUq,63ysVCXZbinuzZ2oVaSAer,6EDO9iiTtwNv6waLwa1UUq,a,off,b,off,a0a55880baa749118d5fbeb0bd72eaca,1,0,1,1,0,1,1,1,0,0,0,1,1,1
a0a55880baa749118d5fbeb0bd72eaca-6EDO9iiTtwNv6waLwa1UUq-74KYlX8spYdydEcXQ72tud,6EDO9iiTtwNv6waLwa1UUq,74KYlX8spYdydEcXQ72tud,equivalent,off,b,off,a0a55880baa749118d5fbeb0bd72eaca,0,0,0,0,0,0,1,1,1,1,1,0,1,1
96f8c91e6c3a4bf486573e70553f65a0-5Bo4xsbSuTqBAkxTIa3MIG-7dPRAkm7CVftygF7hzfPLQ,5Bo4xsbSuTqBAkxTIa3MIG,7dPRAkm7CVftygF7hzfPLQ,b,off,a,off,96f8c91e6c3a4bf486573e70553f65a0,1,0,0,0,0,0,1,0,1,0,0,1,1,1
fa145719850c4303902414570da68978-3ShMfVYb97EAhZ16HZzS25-7eAuWMDKjQRnQzO6OyfVUd,3ShMfVYb97EAhZ16HZzS25,7eAuWMDKjQRnQzO6OyfVUd,b,off,a,off,fa145719850c4303902414570da68978,1,1,1,1,1,1,1,1,0,0,0,1,1,0
a5889fde28654d0595d6d46782693de2-1EAfrikvd8UWTykbje9b6J-6d3RSpbyGeBV6nXYVQPViH,1EAfrikvd8UWTykbje9b6J,6d3RSpbyGeBV6nXYVQPViH,b,off,b,off,a5889fde28654d0595d6d46782693de2,1,1,1,1,1,1,1,1,1,1,1,1,1,1
866c16baef87435989bc8285d707e02f-1MhiSsm2Qw3a8Av1fjshPZ-7o44gXtRKzOcCwD0fK1RlG,1MhiSsm2Qw3a8Av1fjshPZ,7o44gXtRKzOcCwD0fK1RlG,b,off,b,off,866c16baef87435989bc8285d707e02f,1,1,1,1,1,1,1,1,1,1,1,1,1,1
ef71d6547bb14d76abd917ba5eff793a-1FUVaxINClCjq7glRR7hCY-2zolKF02IrH69qcCSVivxO,1FUVaxINClCjq7glRR7hCY,2zolKF02IrH69qcCSVivxO,equivalent,off,equivalent,off,ef71d6547bb14d76abd917ba5eff793a,0,0,0,0,0,0,0,0,0,0,0,0,0,0
069e7e0bd70541f5ab5d6215a2971725-6xyQGhjgxXslzWyOg6YnJd-7boKwFzemklGVqNkqhVAY1,6xyQGhjgxXslzWyOg6YnJd,7boKwFzemklGVqNkqhVAY1,b,off,a,off,069e7e0bd70541f5ab5d6215a2971725,1,1,1,1,1,1,1,0,0,0,0,1,1,0
8d89d4b7f5cc4aed8681b19cc2baf27a-43fWuA5ZjByrpHNr1KZoRz-5x6ajvVo6J4A4vO10WJFwy,43fWuA5ZjByrpHNr1KZoRz,5x6ajvVo6J4A4vO10WJFwy,a,off,b,off,8d89d4b7f5cc4aed8681b19cc2baf27a,1,1,1,1,1,1,1,0,0,0,0,0,0,0
434e08f2845547919d71ea671936073f-2ekZ9jDwOK9wYJ2XbhajjY-40S9JPunfNtRXLP1AsIpNj,2ekZ9jDwOK9wYJ2XbhajjY,40S9JPunfNtRXLP1AsIpNj,b,off,b,off,434e08f2845547919d71ea671936073f,0,0,0,0,1,0,1,0,1,1,1,1,1,1
d74de8486c13491a9ac8a0f9ecd56b86-1NvlEwBU8cuMoEP4M1BugF-6iAu1ZHWQT8VmSQWZM40m7,1NvlEwBU8cuMoEP4M1BugF,6iAu1ZHWQT8VmSQWZM40m7,b,off,b,off,d74de8486c13491a9ac8a0f9ecd56b86,1,1,1,1,1,1,1,1,1,1,1,1,1,1
b6b3eb0c0a3d43b39a6859551ee57566-4YwtNF7PtbvsyYWz0QAzPy-4pIiKrGXCgTZOAFGJjCEvL,4YwtNF7PtbvsyYWz0QAzPy,4pIiKrGXCgTZOAFGJjCEvL,b,off,b,off,b6b3eb0c0a3d43b39a6859551ee57566,1,1,1,1,1,1,1,1,1,1,1,1,1,1
319e887c21f9493aa3d9804f57cf17fa-5iZEeoDhHbFT78Sjt0oGur-6hae4FKhe6GE6VPjo9avaB,5iZEeoDhHbFT78Sjt0oGur,6hae4FKhe6GE6VPjo9avaB,b,off,a,off,319e887c21f9493aa3d9804f57cf17fa,1,0,0,1,0,1,1,1,0,0,0,1,1,1
c8dac57624104e5c8ee891224ddabca7-1ZcWOSRx4XmCsEbbKD0aJw-4Hzss8q0jDWa2PjXDGqYZL,1ZcWOSRx4XmCsEbbKD0aJw,4Hzss8q0jDWa2PjXDGqYZL,a,off,a,off,c8dac57624104e5c8ee891224ddabca7,1,1,1,1,1,1,1,1,1,1,1,1,1,1
866c16baef87435989bc8285d707e02f-39yCGtosd95ZHkJuMeNWVn-7o44gXtRKzOcCwD0fK1RlG,39yCGtosd95ZHkJuMeNWVn,7o44gXtRKzOcCwD0fK1RlG,b,off,equivalent,off,866c16baef87435989bc8285d707e02f,0,1,0,0,1,1,1,1,0,0,0,0,0,0
df58941a8e67481ba89d34d2dfd40088-3xXV4j3vtCe8GsmMrdokGh-4SLl2koJsqXzdOB9zUdtBu,3xXV4j3vtCe8GsmMrdokGh,4SLl2koJsqXzdOB9zUdtBu,a,off,b,off,df58941a8e67481ba89d34d2dfd40088,0,1,1,1,1,1,1,0,0,0,0,0,0,0
6b12db291fa64f65966e879f094d8ba6-2xPctWqifw9765P9OgX6zW-7g21lXTmZhNx4j2c7Ni6a4,2xPctWqifw9765P9OgX6zW,7g21lXTmZhNx4j2c7Ni6a4,a,off,b,off,6b12db291fa64f65966e879f094d8ba6,0,1,0,0,1,0,0,1,0,0,1,0,0,1
a0a55880baa749118d5fbeb0bd72eaca-63ysVCXZbinuzZ2oVaSAer-74KYlX8spYdydEcXQ72tud,63ysVCXZbinuzZ2oVaSAer,74KYlX8spYdydEcXQ72tud,a,off,b,off,a0a55880baa749118d5fbeb0bd72eaca,1,0,0,0,1,1,1,1,1,0,0,1,1,1
3f71683870e647c49fe9fff41e69cd02-4sCcDvX30uu39ozvxcRsqB-6asQj4fkjQw92XUkoHiukh,4sCcDvX30uu39ozvxcRsqB,6asQj4fkjQw92XUkoHiukh,b,off,a,off,3f71683870e647c49fe9fff41e69cd02,0,1,0,0,1,0,1,0,0,1,0,1,1,1
922865d928704d56b23125db753fa7b9-2hhOZHOhRduwUNen4Z72ro-5GF1ljm1AWf6RQs9bQkZPR,2hhOZHOhRduwUNen4Z72ro,5GF1ljm1AWf6RQs9bQkZPR,a,off,b,off,922865d928704d56b23125db753fa7b9,1,0,0,0,0,0,0,0,1,0,1,1,1,0
670ebd1030d9493e816a256f5f544b9a-3fkY8nmdBxYIEYxVxl890n-5s2FHfPVYuY0JvuAURlpmp,3fkY8nmdBxYIEYxVxl890n,5s2FHfPVYuY0JvuAURlpmp,b,off,a,off,670ebd1030d9493e816a256f5f544b9a,1,0,0,1,0,0,1,1,1,0,0,1,1,1
7eb2d0dac4cf41dd82c38c52c54d4ae4-4ptPiH5pwgLj2M2gFhu0uz-57HvueguHroRluYYB4Nk26,4ptPiH5pwgLj2M2gFhu0uz,57HvueguHroRluYYB4Nk26,b,off,a,off,7eb2d0dac4cf41dd82c38c52c54d4ae4,1,1,1,1,1,1,1,1,0,0,0,0,0,0
1806d65f82974bdf82f82e0143684d54-51MtbmuAK535PtzsF7Xv8J-5CFQoWd1c8yuA5KAg75NaU,51MtbmuAK535PtzsF7Xv8J,5CFQoWd1c8yuA5KAg75NaU,a,off,a,off,1806d65f82974bdf82f82e0143684d54,1,1,1,1,1,1,1,1,1,1,1,1,1,1
dc9769d3ff114dcb92acac84eb0650a6-3qsVzxRJu7dffK80LTSeqw-5fz5MpkCMxmkwmnPCelvaK,3qsVzxRJu7dffK80LTSeqw,5fz5MpkCMxmkwmnPCelvaK,equivalent,off,b,off,dc9769d3ff114dcb92acac84eb0650a6,1,0,0,0,0,0,0,1,0,0,1,0,0,0
069e7e0bd70541f5ab5d6215a2971725-2H6JeFaiMo6XIYBxdMVHxj-7boKwFzemklGVqNkqhVAY1,2H6JeFaiMo6XIYBxdMVHxj,7boKwFzemklGVqNkqhVAY1,b,off,a,off,069e7e0bd70541f5ab5d6215a2971725,1,1,0,1,1,1,1,0,0,0,0,1,1,0
fc6e712939d142d7a259ff00af838264-4AhNBBXUpzfYk4kgJemoDC-6ZBiXweylRlROqwP3ODYgw,4AhNBBXUpzfYk4kgJemoDC,6ZBiXweylRlROqwP3ODYgw,a,off,b,off,fc6e712939d142d7a259ff00af838264,1,0,0,0,1,1,1,1,0,0,1,1,1,1
fa145719850c4303902414570da68978-3ShMfVYb97EAhZ16HZzS25-7neWp4incUBLP1XQTNWmP0,3ShMfVYb97EAhZ16HZzS25,7neWp4incUBLP1XQTNWmP0,b,off,a,off,fa145719850c4303902414570da68978,1,1,1,1,1,1,1,0,0,0,0,0,0,0
974e3776e3a2444cb4a11a77f8e4ec1d-0MRCtCmsGlgrVgGZz6uKRE-3Dzp4DXfyV76A63cnpUzPj,0MRCtCmsGlgrVgGZz6uKRE,3Dzp4DXfyV76A63cnpUzPj,a,off,a,off,974e3776e3a2444cb4a11a77f8e4ec1d,0,0,1,1,0,0,0,1,0,0,0,1,1,1
fc6e712939d142d7a259ff00af838264-4AhNBBXUpzfYk4kgJemoDC-77j9SlhRd4MBGU998c7dnw,4AhNBBXUpzfYk4kgJemoDC,77j9SlhRd4MBGU998c7dnw,a,off,b,off,fc6e712939d142d7a259ff00af838264,1,0,1,1,1,1,1,1,0,0,0,0,1,1
7a5da71ec0b548468f99e1b4a94a385e-1YMPBK7iKEy6JH3q0ZovMk-7GgYmXY3PfDjTiyjUlvF7Y,1YMPBK7iKEy6JH3q0ZovMk,7GgYmXY3PfDjTiyjUlvF7Y,a,off,b,off,7a5da71ec0b548468f99e1b4a94a385e,1,1,1,1,1,1,1,1,0,0,0,0,1,0
382f3da0904e466a851e9916781a3012-3gFQOMoUwlR6aUZj81gCzu-7A2Nh1ty5KljKtbFsHv9GZ,3gFQOMoUwlR6aUZj81gCzu,7A2Nh1ty5KljKtbFsHv9GZ,b,off,b,off,382f3da0904e466a851e9916781a3012,1,1,1,1,1,1,1,1,1,1,1,1,1,1
ee0c1c5f8f0b44318a9673ba21ae3662-2MSvdhhOadGJ3mIvwGixkW-2fT0mFfdTEp29oVeiDeZLE,2MSvdhhOadGJ3mIvwGixkW,2fT0mFfdTEp29oVeiDeZLE,a,off,b,off,ee0c1c5f8f0b44318a9673ba21ae3662,1,1,0,1,1,1,1,1,0,0,0,0,1,1
f7abc191a9734f329df704d8a280507c-1S3I2Xe2bCTi6ZqkzZOF0d-6LdKmpe4OMYKPBijgI9423,1S3I2Xe2bCTi6ZqkzZOF0d,6LdKmpe4OMYKPBijgI9423,a,off,b,off,f7abc191a9734f329df704d8a280507c,1,0,0,0,0,0,0,1,1,1,0,1,1,1
ab6bedd345e3432a84309aa1a3acb427-1NPk0Y7AkLvirhSg4oI0bM-5SuuIiMavLj9kvLqp2Obph,1NPk0Y7AkLvirhSg4oI0bM,5SuuIiMavLj9kvLqp2Obph,b,off,b,off,ab6bedd345e3432a84309aa1a3acb427,0,1,1,1,1,1,1,0,1,1,1,1,0,1
d8356c6f92e649298931229a09e1bd9b-1UzToWI08oeALYHDnLJtEu-3E8HmzYitePc6aSbmdJTmP,1UzToWI08oeALYHDnLJtEu,3E8HmzYitePc6aSbmdJTmP,a,off,b,off,d8356c6f92e649298931229a09e1bd9b,1,1,1,1,1,1,1,0,0,0,0,0,0,0
ce47efb9ab5e43a2988d7b25a1bacb1d-1A9A1GJIfRI2yTVCfECiMc-4ZtkIurvcUISJjY5CiTz6y,1A9A1GJIfRI2yTVCfECiMc,4ZtkIurvcUISJjY5CiTz6y,a,off,b,off,ce47efb9ab5e43a2988d7b25a1bacb1d,0,0,0,0,0,0,0,1,1,1,1,1,1,1
974e3776e3a2444cb4a11a77f8e4ec1d-0MRCtCmsGlgrVgGZz6uKRE-7lRLXhJRCYhmi4XnXsyJA6,0MRCtCmsGlgrVgGZz6uKRE,7lRLXhJRCYhmi4XnXsyJA6,b,off,b,off,974e3776e3a2444cb4a11a77f8e4ec1d,0,0,1,1,0,0,0,0,1,1,1,0,1,0
06433f576bce47419dfedfb1d6d976fa-0ktHIWiNl4NaVyUAXMbRyf-7aremNTdmGYyLpVr8bwg6s,0ktHIWiNl4NaVyUAXMbRyf,7aremNTdmGYyLpVr8bwg6s,b,off,b,off,06433f576bce47419dfedfb1d6d976fa,1,1,1,1,1,1,1,1,1,1,1,1,1,1
974e3776e3a2444cb4a11a77f8e4ec1d-3Dzp4DXfyV76A63cnpUzPj-7lRLXhJRCYhmi4XnXsyJA6,3Dzp4DXfyV76A63cnpUzPj,7lRLXhJRCYhmi4XnXsyJA6,b,off,b,off,974e3776e3a2444cb4a11a77f8e4ec1d,0,0,1,1,0,0,0,1,0,0,1,1,1,1
719f8495e34c415594d2565aa42311be-0k30xe1ye3cRQxMxjy9ig1-6HJgtZbak1dQaiPf5W2k4E,0k30xe1ye3cRQxMxjy9ig1,6HJgtZbak1dQaiPf5W2k4E,a,off,a,off,719f8495e34c415594d2565aa42311be,1,1,1,1,1,1,1,1,1,1,1,1,1,0
8f2c533c3fbf4fbc8872c21d80497373-5HWXltM92c8yp0NaOJmB2t-5bVGde0mlhSZeDZrBu4SH3,5HWXltM92c8yp0NaOJmB2t,5bVGde0mlhSZeDZrBu4SH3,b,off,a,off,8f2c533c3fbf4fbc8872c21d80497373,1,1,1,1,1,1,1,0,0,0,0,0,0,0
00e82665a2b640419527fc2f2b195ef5-4LI8U6ORaHwNwgAXX2QqIP-5eeGG9WuvSiEEsfMfvBmzW,4LI8U6ORaHwNwgAXX2QqIP,5eeGG9WuvSiEEsfMfvBmzW,a,off,b,off,00e82665a2b640419527fc2f2b195ef5,1,0,1,1,1,1,1,0,0,0,0,0,0,0
670ebd1030d9493e816a256f5f544b9a-3fkY8nmdBxYIEYxVxl890n-4Wbh7p5uP5kTw1lazb15Yc,3fkY8nmdBxYIEYxVxl890n,4Wbh7p5uP5kTw1lazb15Yc,equivalent,off,a,off,670ebd1030d9493e816a256f5f544b9a,0,1,0,0,0,0,0,0,0,0,0,0,0,0
85f355a5617b40a08f0573f738efa399-0HKRkyF5yNMFh4qoYDtRCH-7snDJE0XjfykF0cLs5bota,0HKRkyF5yNMFh4qoYDtRCH,7snDJE0XjfykF0cLs5bota,b,off,equivalent,off,85f355a5617b40a08f0573f738efa399,1,0,0,0,1,0,0,0,0,0,0,0,0,0
d5b2e61226194b7fa120029b7d831364-0mpMW3nRwpCasH1phB9c2o-37QSyuBpe17Fi5Mu6q8WPS,0mpMW3nRwpCasH1phB9c2o,37QSyuBpe17Fi5Mu6q8WPS,b,off,equivalent,off,d5b2e61226194b7fa120029b7d831364,1,0,1,0,1,1,1,0,0,0,0,0,0,0
670ebd1030d9493e816a256f5f544b9a-4Wbh7p5uP5kTw1lazb15Yc-5s2FHfPVYuY0JvuAURlpmp,4Wbh7p5uP5kTw1lazb15Yc,5s2FHfPVYuY0JvuAURlpmp,b,off,a,off,670ebd1030d9493e816a256f5f544b9a,1,0,0,0,0,0,1,1,1,0,0,1,1,1
554bf4de53754fe19376c147e93679cd-0HI51VpU4UzollpsFYOeJp-6Di0ZM5lts34FhpRhPwt28,0HI51VpU4UzollpsFYOeJp,6Di0ZM5lts34FhpRhPwt28,b,off,equivalent,off,554bf4de53754fe19376c147e93679cd,1,1,1,1,1,1,1,0,0,0,0,0,0,0
bd79aaecaa6545c3a9d62a1f8351552b-1idSjEVsZTtAoGbIvJs4Wy-7MoYf0bDMAGXhERqM4cJlb,1idSjEVsZTtAoGbIvJs4Wy,7MoYf0bDMAGXhERqM4cJlb,b,off,a,off,bd79aaecaa6545c3a9d62a1f8351552b,0,0,0,0,0,0,0,1,1,1,1,1,1,1
1806d65f82974bdf82f82e0143684d54-51MtbmuAK535PtzsF7Xv8J-5SiFNEq6d7DoY25ZJxal7Q,51MtbmuAK535PtzsF7Xv8J,5SiFNEq6d7DoY25ZJxal7Q,a,off,a,off,1806d65f82974bdf82f82e0143684d54,0,1,1,1,0,1,1,0,0,1,1,0,1,1
434e08f2845547919d71ea671936073f-2ekZ9jDwOK9wYJ2XbhajjY-2gNHb82MYOSXY4uG767jqL,2ekZ9jDwOK9wYJ2XbhajjY,2gNHb82MYOSXY4uG767jqL,equivalent,off,b,off,434e08f2845547919d71ea671936073f,0,0,0,0,0,0,0,1,1,1,1,1,1,0
a5889fde28654d0595d6d46782693de2-1EAfrikvd8UWTykbje9b6J-1qYYruLP1FATpnZxPMHUut,1EAfrikvd8UWTykbje9b6J,1qYYruLP1FATpnZxPMHUut,a,off,equivalent,off,a5889fde28654d0595d6d46782693de2,1,1,1,1,1,1,1,0,0,0,0,0,0,0
8fcad6668e824ce891479f4e01814be7-0A8ZgkjgV2WMjJGEingvHm-6ad10kjPhLwQgdfQRtkVhe,0A8ZgkjgV2WMjJGEingvHm,6ad10kjPhLwQgdfQRtkVhe,b,off,a,off,8fcad6668e824ce891479f4e01814be7,1,0,0,0,0,0,0,1,1,1,1,1,1,1
922865d928704d56b23125db753fa7b9-2hhOZHOhRduwUNen4Z72ro-4XQETu7QYGbUhTt68kekOn,2hhOZHOhRduwUNen4Z72ro,4XQETu7QYGbUhTt68kekOn,a,off,b,off,922865d928704d56b23125db753fa7b9,0,1,1,0,1,1,0,0,1,0,1,0,1,1
19493aeefc0d4dd498db11daf2e0b34a-20kEaNelF62CrNOxZlhNHa-31jC6KX8ESF4zw2vcXgiH1,20kEaNelF62CrNOxZlhNHa,31jC6KX8ESF4zw2vcXgiH1,b,off,b,off,19493aeefc0d4dd498db11daf2e0b34a,1,0,0,0,1,0,1,1,0,0,1,1,1,1
c66dac85ee3a4666a4c68643538db306-0pqfp38KgVkmkZSFjeYtRF-3WquUOQuUHIJc7l86FGA52,0pqfp38KgVkmkZSFjeYtRF,3WquUOQuUHIJc7l86FGA52,b,off,a,off,c66dac85ee3a4666a4c68643538db306,0,0,0,0,1,1,0,0,1,1,1,1,1,1
554bf4de53754fe19376c147e93679cd-0HI51VpU4UzollpsFYOeJp-6btjFTvoxZggtqqqVroO0q,0HI51VpU4UzollpsFYOeJp,6btjFTvoxZggtqqqVroO0q,a,off,a,off,554bf4de53754fe19376c147e93679cd,1,1,1,1,1,1,1,1,1,1,1,1,1,0
eaf42c42d459498eb1a0f833b5a6c3d6-5S7EeRgYr2T5EqqHhxY6YD-7rkl4JNJFOSbrMrrT2KJjS,5S7EeRgYr2T5EqqHhxY6YD,7rkl4JNJFOSbrMrrT2KJjS,a,off,b,off,eaf42c42d459498eb1a0f833b5a6c3d6,1,0,0,0,1,1,1,1,0,0,1,1,1,1
3f71683870e647c49fe9fff41e69cd02-6asQj4fkjQw92XUkoHiukh-7awa8g55I1LyxDxawUz0CB,6asQj4fkjQw92XUkoHiukh,7awa8g55I1LyxDxawUz0CB,a,off,b,off,3f71683870e647c49fe9fff41e69cd02,1,0,0,1,1,1,1,1,0,0,0,1,1,1
f39a589de57540a8bc82989179f4444c-5rmbMfn4l6pZdTypbJ5FYc-7lYj2tdrfCA81BoqeMcxQV,5rmbMfn4l6pZdTypbJ5FYc,7lYj2tdrfCA81BoqeMcxQV,b,off,a,off,f39a589de57540a8bc82989179f4444c,1,0,1,0,0,1,1,1,1,0,0,1,0,0
c8dac57624104e5c8ee891224ddabca7-1ZcWOSRx4XmCsEbbKD0aJw-2M6FEnvGrs0t9qQzHu64NX,1ZcWOSRx4XmCsEbbKD0aJw,2M6FEnvGrs0t9qQzHu64NX,b,off,a,off,c8dac57624104e5c8ee891224ddabca7,1,1,0,0,1,1,1,1,0,0,0,0,1,0
e453da92f87c4e0ea8097374a5230325-2KAzG49Cr9OLbQiMNmhONn-2bSNBXRpolOTkNx47eGUO8,2KAzG49Cr9OLbQiMNmhONn,2bSNBXRpolOTkNx47eGUO8,b,off,b,off,e453da92f87c4e0ea8097374a5230325,0,1,1,1,1,1,1,1,1,1,1,1,1,1
5ca712360f5d4ef7944e916d6dc77487-4fAjUuYdFVbrdSQcgKEUPG-4t6RRtH86AHuTZQ8x4yBPb,4fAjUuYdFVbrdSQcgKEUPG,4t6RRtH86AHuTZQ8x4yBPb,a,off,b,off,5ca712360f5d4ef7944e916d6dc77487,1,1,1,1,1,1,1,0,0,0,0,0,0,0
d74de8486c13491a9ac8a0f9ecd56b86-2BjoGPFPgnSTRwWjFWXGxI-6iAu1ZHWQT8VmSQWZM40m7,2BjoGPFPgnSTRwWjFWXGxI,6iAu1ZHWQT8VmSQWZM40m7,a,off,a,off,d74de8486c13491a9ac8a0f9ecd56b86,1,1,0,1,0,0,0,1,0,1,0,0,0,1
637aabe831d84c498b89444d4611cd6e-4Z29DbqTLBDxK1bcx4Nc0T-6ursmCnbc9oDRGa2yHKkoZ,4Z29DbqTLBDxK1bcx4Nc0T,6ursmCnbc9oDRGa2yHKkoZ,equivalent,off,equivalent,off,637aabe831d84c498b89444d4611cd6e,1,0,0,0,0,0,0,0,0,0,0,0,0,0
7721880144404c6facad0ccab5403173-1PAnGhRo2tHpM2DNibEEe6-2N7xaeH8rNjg0jD7svVFjz,1PAnGhRo2tHpM2DNibEEe6,2N7xaeH8rNjg0jD7svVFjz,b,off,b,off,7721880144404c6facad0ccab5403173,1,1,1,1,1,1,1,1,1,1,1,1,0,1
ad7ff292dfa645eea927a169565e6ef1-5QMxY59cR4cG0jYSw64E8v-5jiADQVqIuJmCE7hrhhUDU,5QMxY59cR4cG0jYSw64E8v,5jiADQVqIuJmCE7hrhhUDU,a,off,a,off,ad7ff292dfa645eea927a169565e6ef1,1,1,1,1,0,1,1,1,1,1,1,1,1,1
dc9769d3ff114dcb92acac84eb0650a6-2QgAmr8sVBoYrzrqeIMXot-5fz5MpkCMxmkwmnPCelvaK,2QgAmr8sVBoYrzrqeIMXot,5fz5MpkCMxmkwmnPCelvaK,b,off,a,off,dc9769d3ff114dcb92acac84eb0650a6,1,1,1,1,1,1,1,0,0,0,0,0,0,0
3c06793bd482452faab6595b339ce7b9-3vyIt7Vm85mowmDV7LTluU-4HQSjQBUNpQxAU0s1OKJoL,3vyIt7Vm85mowmDV7LTluU,4HQSjQBUNpQxAU0s1OKJoL,a,off,a,off,3c06793bd482452faab6595b339ce7b9,1,1,1,1,1,1,1,1,1,1,1,0,1,1
c32e7b95be384d50838d618ae5f40833-1Mhf6QIO0UuVr2ZvQPgymt-4tgDRwS6xWBnBrR2OhWacU,1Mhf6QIO0UuVr2ZvQPgymt,4tgDRwS6xWBnBrR2OhWacU,b,off,a,off,c32e7b95be384d50838d618ae5f40833,1,1,1,1,1,1,1,0,0,0,0,0,0,0
8f2c533c3fbf4fbc8872c21d80497373-5HWXltM92c8yp0NaOJmB2t-6qnUKDSvuavFerJJSLGZyG,5HWXltM92c8yp0NaOJmB2t,6qnUKDSvuavFerJJSLGZyG,b,off,a,off,8f2c533c3fbf4fbc8872c21d80497373,1,1,1,1,1,1,1,0,0,0,0,0,0,0
3c06793bd482452faab6595b339ce7b9-3vyIt7Vm85mowmDV7LTluU-7s041G2EuRCrEgjlQtdKgH,3vyIt7Vm85mowmDV7LTluU,7s041G2EuRCrEgjlQtdKgH,a,off,b,off,3c06793bd482452faab6595b339ce7b9,1,1,1,1,1,1,1,0,0,0,0,0,0,0
f2c55127433c49cb82440e18e4e06a2d-0WT7k67MaDmKUDrDGpcN2q-6iP3HRpbWj0iPd8gTSQgCn,0WT7k67MaDmKUDrDGpcN2q,6iP3HRpbWj0iPd8gTSQgCn,b,off,b,off,f2c55127433c49cb82440e18e4e06a2d,0,0,1,1,1,1,1,1,1,1,1,1,1,1
208147281fe94260bfec7c1d71d419f8-4qbi9JDziBh3cxi9SFUbeu-6BGTLwYhPmKJTtpY6xgju2,4qbi9JDziBh3cxi9SFUbeu,6BGTLwYhPmKJTtpY6xgju2,a,off,b,off,208147281fe94260bfec7c1d71d419f8,1,1,1,1,1,1,1,0,0,0,0,0,0,0
06433f576bce47419dfedfb1d6d976fa-1f8upakmMaN49wRu51MJCX-7aremNTdmGYyLpVr8bwg6s,1f8upakmMaN49wRu51MJCX,7aremNTdmGYyLpVr8bwg6s,b,off,b,off,06433f576bce47419dfedfb1d6d976fa,1,1,1,1,1,1,1,0,1,1,1,1,1,1
e91ed9eb99ce49fea100322297559bfc-2ERG0rdikiQy2858baYqV5-3skRrT9Fu5Imq8gawfuHUD,2ERG0rdikiQy2858baYqV5,3skRrT9Fu5Imq8gawfuHUD,b,off,equivalent,off,e91ed9eb99ce49fea100322297559bfc,0,0,1,1,0,1,1,0,0,0,0,0,0,0
895d874393f34a548d596d8fa7823935-1G6OJ29i0BWVXLAF8ds37r-4XLVg8qERMwZBy0HHr2DdW,1G6OJ29i0BWVXLAF8ds37r,4XLVg8qERMwZBy0HHr2DdW,b,off,b,off,895d874393f34a548d596d8fa7823935,1,1,1,1,1,1,1,1,1,1,1,1,1,1
9b6d62d535694d3989de1a4d247ba1c5-3j1WBK1zvZd0oosBisQoOp-5gZrfMHRAzVfM66YyWXUs6,3j1WBK1zvZd0oosBisQoOp,5gZrfMHRAzVfM66YyWXUs6,b,off,b,off,9b6d62d535694d3989de1a4d247ba1c5,1,1,1,1,0,1,0,1,0,1,1,1,1,1
df0b2850a8ab42cb8eae36dd8221943e-1Eh51pkjrb2fLHORA3snaw-5dZDQPiC2PGom8Q8pEqKgW,1Eh51pkjrb2fLHORA3snaw,5dZDQPiC2PGom8Q8pEqKgW,b,off,b,off,df0b2850a8ab42cb8eae36dd8221943e,1,1,1,1,1,1,1,0,1,1,1,1,1,1
2b94466d16aa460898cbec9a0e6fb95f-3efj95Oob9ERN0oL3JvRjj-4ldzTjKrcFJ1AxWiZsgZh9,3efj95Oob9ERN0oL3JvRjj,4ldzTjKrcFJ1AxWiZsgZh9,a,off,a,off,2b94466d16aa460898cbec9a0e6fb95f,1,0,0,0,1,1,1,1,1,1,1,0,0,0
7872c3ab125c4f36a9383333dc3612de-0aPwsqShRgDtDohRU3qOvP-0jeqQt5rMD2fnilGupFPrt,0aPwsqShRgDtDohRU3qOvP,0jeqQt5rMD2fnilGupFPrt,a,off,equivalent,off,7872c3ab125c4f36a9383333dc3612de,0,0,0,1,1,0,0,0,0,0,0,0,0,0
3f71683870e647c49fe9fff41e69cd02-4sCcDvX30uu39ozvxcRsqB-7awa8g55I1LyxDxawUz0CB,4sCcDvX30uu39ozvxcRsqB,7awa8g55I1LyxDxawUz0CB,a,off,b,off,3f71683870e647c49fe9fff41e69cd02,1,0,1,1,1,1,1,1,0,0,0,0,1,1
208147281fe94260bfec7c1d71d419f8-4qbi9JDziBh3cxi9SFUbeu-63OQupATfueTdZMWTxW03A,4qbi9JDziBh3cxi9SFUbeu,63OQupATfueTdZMWTxW03A,a,off,a,off,208147281fe94260bfec7c1d71d419f8,1,1,1,1,1,1,1,1,1,1,1,1,1,1
df58941a8e67481ba89d34d2dfd40088-3jWbhr0l8SfUA37Vkj6iqW-4SLl2koJsqXzdOB9zUdtBu,3jWbhr0l8SfUA37Vkj6iqW,4SLl2koJsqXzdOB9zUdtBu,a,off,a,off,df58941a8e67481ba89d34d2dfd40088,0,0,0,0,0,0,0,0,0,0,0,0,0,0
657f38fc0a904415aaa27ac137d6aace-2Jok6fkKmcP7Lp7XLzQ1wj-4rhaDfV9y5UvGZ67BT8U35,2Jok6fkKmcP7Lp7XLzQ1wj,4rhaDfV9y5UvGZ67BT8U35,a,off,a,off,657f38fc0a904415aaa27ac137d6aace,1,1,1,1,1,1,1,0,1,1,1,1,1,1
344928c7abae483d97dddca96f3657f4-00XJssFVpf6hUFSFCDy4DD-0ZP2U0OV3M0BdbHOm7f2gU,00XJssFVpf6hUFSFCDy4DD,0ZP2U0OV3M0BdbHOm7f2gU,a,off,equivalent,off,344928c7abae483d97dddca96f3657f4,1,0,0,0,1,0,0,0,0,0,0,0,0,0
d5b2e61226194b7fa120029b7d831364-37QSyuBpe17Fi5Mu6q8WPS-5oUiTMh3eRmt4hSWrYSZAZ,37QSyuBpe17Fi5Mu6q8WPS,5oUiTMh3eRmt4hSWrYSZAZ,a,off,a,off,d5b2e61226194b7fa120029b7d831364,0,0,0,0,0,0,0,0,0,0,0,0,0,0
f18a9673be7d4fa5a3be5b8c7800d0f2-1uigwk5hNV84zRd5YQQRTk-2IHaGyfxNoFPLJnaEg4GTs,1uigwk5hNV84zRd5YQQRTk,2IHaGyfxNoFPLJnaEg4GTs,b,off,equivalent,off,f18a9673be7d4fa5a3be5b8c7800d0f2,0,1,1,1,1,1,1,0,0,0,0,0,0,0
df0b2850a8ab42cb8eae36dd8221943e-5dZDQPiC2PGom8Q8pEqKgW-7CiQkszuCFXCPQYlQRPFOb,5dZDQPiC2PGom8Q8pEqKgW,7CiQkszuCFXCPQYlQRPFOb,a,off,a,off,df0b2850a8ab42cb8eae36dd8221943e,1,1,1,1,1,1,1,1,1,1,1,1,1,1
ae405961115c40bfad0921e732f555e2-5M1gX3DQvgc7GI6dBWX9FL-6XSLju3KymWQh4GrUmo7N5,5M1gX3DQvgc7GI6dBWX9FL,6XSLju3KymWQh4GrUmo7N5,a,off,equivalent,off,ae405961115c40bfad0921e732f555e2,1,1,1,1,1,1,0,0,0,0,0,0,1,0
f580616cc35a4e4aae920a4ec3a5b0ed-13CVSGLSFl4UxpDVR6u3dq-5CR6fkqEbUECCh7DRPSEd8,13CVSGLSFl4UxpDVR6u3dq,5CR6fkqEbUECCh7DRPSEd8,b,off,equivalent,off,f580616cc35a4e4aae920a4ec3a5b0ed,1,0,1,1,1,1,1,0,1,0,0,0,0,0
19493aeefc0d4dd498db11daf2e0b34a-20kEaNelF62CrNOxZlhNHa-3v40ZfXMtNrA6jyVPr14iP,20kEaNelF62CrNOxZlhNHa,3v40ZfXMtNrA6jyVPr14iP,b,off,a,off,19493aeefc0d4dd498db11daf2e0b34a,1,0,0,0,1,1,1,1,0,0,0,1,1,1
63f0a0e664a243aaa426b5946c508291-6bCbTzbCzv99CWW4U3SXeN-7eEQwfbAfadIp0XEMPeVEj,6bCbTzbCzv99CWW4U3SXeN,7eEQwfbAfadIp0XEMPeVEj,a,off,equivalent,off,63f0a0e664a243aaa426b5946c508291,1,1,1,1,1,1,1,0,0,0,0,0,0,0
aa9b1f4c67bc43659ed16a1153e69ed7-1Ekbk1xLtgdwRe3zYfPh99-6PQ6L9XaDZHHoguYOBZOXy,1Ekbk1xLtgdwRe3zYfPh99,6PQ6L9XaDZHHoguYOBZOXy,a,off,a,off,aa9b1f4c67bc43659ed16a1153e69ed7,1,1,1,1,1,1,1,1,1,1,1,1,1,1
bf0cc34edc584e29bb7450d0c89319b8-1wQL1hqKJNlOZr5vVgIytr-54DU8ahuglhtKUPEZpPWSx,1wQL1hqKJNlOZr5vVgIytr,54DU8ahuglhtKUPEZpPWSx,b,off,equivalent,off,bf0cc34edc584e29bb7450d0c89319b8,1,0,1,0,0,0,0,0,0,0,0,0,0,0
d74de8486c13491a9ac8a0f9ecd56b86-1NvlEwBU8cuMoEP4M1BugF-2BjoGPFPgnSTRwWjFWXGxI,1NvlEwBU8cuMoEP4M1BugF,2BjoGPFPgnSTRwWjFWXGxI,b,off,b,off,d74de8486c13491a9ac8a0f9ecd56b86,1,1,1,1,1,1,1,1,1,1,1,1,1,1
ebabe75556aa4dd790cd210df728c30e-4iqsas8M99WFMyOEyRjt9I-67FunyISd3BBWRO2SwQcMW,4iqsas8M99WFMyOEyRjt9I,67FunyISd3BBWRO2SwQcMW,b,off,a,off,ebabe75556aa4dd790cd210df728c30e,1,1,1,1,1,1,1,1,0,0,0,0,0,0
aa9b1f4c67bc43659ed16a1153e69ed7-1Ekbk1xLtgdwRe3zYfPh99-6HXDbCTxg77WmXb18qwJLz,1Ekbk1xLtgdwRe3zYfPh99,6HXDbCTxg77WmXb18qwJLz,a,off,a,off,aa9b1f4c67bc43659ed16a1153e69ed7,1,1,1,1,1,1,1,1,1,1,1,1,1,1
a5889fde28654d0595d6d46782693de2-1qYYruLP1FATpnZxPMHUut-6d3RSpbyGeBV6nXYVQPViH,1qYYruLP1FATpnZxPMHUut,6d3RSpbyGeBV6nXYVQPViH,b,off,equivalent,off,a5889fde28654d0595d6d46782693de2,1,1,1,1,1,1,1,0,0,0,0,0,0,0
00e82665a2b640419527fc2f2b195ef5-4LI8U6ORaHwNwgAXX2QqIP-76jzIaoKJbmSUsj403kRAW,4LI8U6ORaHwNwgAXX2QqIP,76jzIaoKJbmSUsj403kRAW,b,off,a,off,00e82665a2b640419527fc2f2b195ef5,0,1,0,0,1,0,0,1,0,1,0,1,1,0
922865d928704d56b23125db753fa7b9-4XQETu7QYGbUhTt68kekOn-5GF1ljm1AWf6RQs9bQkZPR,4XQETu7QYGbUhTt68kekOn,5GF1ljm1AWf6RQs9bQkZPR,a,off,b,off,922865d928704d56b23125db753fa7b9,1,0,0,0,0,0,1,1,0,0,0,1,1,0
f9911c2ebd424b25a076f4b9496650d0-2XovTk5PnPHSpQ2GHpC0SE-5euMTJfpQYrYcIraXO6LT2,2XovTk5PnPHSpQ2GHpC0SE,5euMTJfpQYrYcIraXO6LT2,b,off,b,off,f9911c2ebd424b25a076f4b9496650d0,1,1,1,1,1,1,1,0,1,1,1,1,1,1
637aabe831d84c498b89444d4611cd6e-3bUflsKXxlXvT3EoxfSn7r-6ursmCnbc9oDRGa2yHKkoZ,3bUflsKXxlXvT3EoxfSn7r,6ursmCnbc9oDRGa2yHKkoZ,equivalent,off,a,off,637aabe831d84c498b89444d4611cd6e,0,0,0,0,1,0,0,1,1,1,1,1,1,1
b3475647f1a94f08a07bd02025cb05ed-35U4PXL3W3XIkAjEUdhr36-5XlzAyqqljr0f5p8wX1ycf,35U4PXL3W3XIkAjEUdhr36,5XlzAyqqljr0f5p8wX1ycf,a,off,a,off,b3475647f1a94f08a07bd02025cb05ed,1,1,1,1,1,1,1,1,1,1,1,1,1,1
85f355a5617b40a08f0573f738efa399-1VcUS9RoRpcJx6HhZ0gQIV-7snDJE0XjfykF0cLs5bota,1VcUS9RoRpcJx6HhZ0gQIV,7snDJE0XjfykF0cLs5bota,b,off,b,off,85f355a5617b40a08f0573f738efa399,1,1,1,1,1,1,1,1,1,1,1,1,1,1
85e35d0c8a0b46109819f46215be84de-5v6fwkgHeF0N32LmEoQyQB-5vmRQ3zELMLUQPo2FLQ76x,5v6fwkgHeF0N32LmEoQyQB,5vmRQ3zELMLUQPo2FLQ76x,a,off,a,off,85e35d0c8a0b46109819f46215be84de,1,0,1,1,0,1,1,0,0,1,1,0,0,1
637aabe831d84c498b89444d4611cd6e-3bUflsKXxlXvT3EoxfSn7r-4Z29DbqTLBDxK1bcx4Nc0T,3bUflsKXxlXvT3EoxfSn7r,4Z29DbqTLBDxK1bcx4Nc0T,a,off,a,off,637aabe831d84c498b89444d4611cd6e,1,1,1,1,1,1,1,1,1,1,1,1,1,1
e288d9a78d634cd3bb6913217f81f8c5-2NAsNNtrnkBMGPXJ6V5cVy-7oyNkRW8FMOEjTfcFqI3l7,2NAsNNtrnkBMGPXJ6V5cVy,7oyNkRW8FMOEjTfcFqI3l7,a,off,b,off,e288d9a78d634cd3bb6913217f81f8c5,1,0,1,1,1,1,1,0,0,0,0,0,1,0
05859e071d0547e986577f0c71ce4142-2O7NzwAmSAoFyuX4P3jVUl-5Z54RgCfhRljLVjPZHy5dv,2O7NzwAmSAoFyuX4P3jVUl,5Z54RgCfhRljLVjPZHy5dv,a,off,a,off,05859e071d0547e986577f0c71ce4142,1,1,1,1,1,1,1,1,1,1,1,1,1,1
7ce56154432a4d9193db2d270c123c71-01fFNfzZicmAL8ROZWOiu4-70zf2unN3T2HrV9lgWvi9V,01fFNfzZicmAL8ROZWOiu4,70zf2unN3T2HrV9lgWvi9V,b,off,a,off,7ce56154432a4d9193db2d270c123c71,1,1,0,0,1,1,1,0,0,0,0,0,0,1
7eb2d0dac4cf41dd82c38c52c54d4ae4-1AluskjFqJEP2WVOAEryBS-57HvueguHroRluYYB4Nk26,1AluskjFqJEP2WVOAEryBS,57HvueguHroRluYYB4Nk26,b,off,a,off,7eb2d0dac4cf41dd82c38c52c54d4ae4,1,1,1,1,1,1,1,1,0,0,0,0,0,0
bf0cc34edc584e29bb7450d0c89319b8-1wQL1hqKJNlOZr5vVgIytr-43ZdIH57uxcyf1aKi9SVOh,1wQL1hqKJNlOZr5vVgIytr,43ZdIH57uxcyf1aKi9SVOh,a,off,b,off,bf0cc34edc584e29bb7450d0c89319b8,1,1,1,1,1,1,1,0,0,0,0,0,0,0
7ce56154432a4d9193db2d270c123c71-3SLHDuEf8RCAGHmdh5tr9u-70zf2unN3T2HrV9lgWvi9V,3SLHDuEf8RCAGHmdh5tr9u,70zf2unN3T2HrV9lgWvi9V,b,off,a,off,7ce56154432a4d9193db2d270c123c71,0,1,0,1,1,1,1,1,0,0,0,0,1,0
8d89d4b7f5cc4aed8681b19cc2baf27a-18XYNWjG0BQctJOar6jmkf-43fWuA5ZjByrpHNr1KZoRz,18XYNWjG0BQctJOar6jmkf,43fWuA5ZjByrpHNr1KZoRz,b,off,b,off,8d89d4b7f5cc4aed8681b19cc2baf27a,1,1,1,1,1,1,1,1,1,1,1,1,1,1
eaf42c42d459498eb1a0f833b5a6c3d6-04jkk9HM7mTlCNTYhWUZBx-7rkl4JNJFOSbrMrrT2KJjS,04jkk9HM7mTlCNTYhWUZBx,7rkl4JNJFOSbrMrrT2KJjS,b,off,b,off,eaf42c42d459498eb1a0f833b5a6c3d6,1,1,1,1,1,1,1,0,1,1,1,1,1,1
344928c7abae483d97dddca96f3657f4-00XJssFVpf6hUFSFCDy4DD-1mMLotALPV8n1vRc6YAbzh,00XJssFVpf6hUFSFCDy4DD,1mMLotALPV8n1vRc6YAbzh,a,off,b,off,344928c7abae483d97dddca96f3657f4,1,1,1,1,1,1,1,0,0,0,0,0,0,0
ebe3c3ff5a9f4813bf3230afebd83dce-2gYqdEs14iQc2cDpF94zfh-54IAZXQ1QKmu84QxGHHgJ3,2gYqdEs14iQc2cDpF94zfh,54IAZXQ1QKmu84QxGHHgJ3,a,off,a,off,ebe3c3ff5a9f4813bf3230afebd83dce,1,1,1,1,1,1,1,0,1,1,1,1,1,1
e91ed9eb99ce49fea100322297559bfc-0J1liGDnOXmBAoktvSBdM1-3skRrT9Fu5Imq8gawfuHUD,0J1liGDnOXmBAoktvSBdM1,3skRrT9Fu5Imq8gawfuHUD,equivalent,off,b,off,e91ed9eb99ce49fea100322297559bfc,0,0,0,0,0,0,0,1,1,1,1,1,1,1
657bd52e719f4d3ab92ff069b2277a52-28r5Yn3BHzgrefr2fhxi9C-2teSLnlDwFbAFza8rZihj0,28r5Yn3BHzgrefr2fhxi9C,2teSLnlDwFbAFza8rZihj0,b,off,b,off,657bd52e719f4d3ab92ff069b2277a52,0,1,1,1,1,1,1,0,1,1,1,1,1,1
e91ed9eb99ce49fea100322297559bfc-0J1liGDnOXmBAoktvSBdM1-2ERG0rdikiQy2858baYqV5,0J1liGDnOXmBAoktvSBdM1,2ERG0rdikiQy2858baYqV5,equivalent,off,b,off,e91ed9eb99ce49fea100322297559bfc,0,0,0,0,0,0,0,1,1,1,0,1,1,1
d45ed1b771224054a9565643f074b246-0RstfX9nRY1Lfuy1808MoT-7Kjh6A5voYQ1rFFnYEbYq6,0RstfX9nRY1Lfuy1808MoT,7Kjh6A5voYQ1rFFnYEbYq6,b,off,equivalent,off,d45ed1b771224054a9565643f074b246,1,1,1,1,1,1,1,0,0,0,0,0,0,0
ef71d6547bb14d76abd917ba5eff793a-0oqgmnOc28UqGKGlVTAkzm-1FUVaxINClCjq7glRR7hCY,0oqgmnOc28UqGKGlVTAkzm,1FUVaxINClCjq7glRR7hCY,equivalent,off,a,off,ef71d6547bb14d76abd917ba5eff793a,1,0,0,0,0,0,0,0,1,0,0,1,1,0
ce47efb9ab5e43a2988d7b25a1bacb1d-1A9A1GJIfRI2yTVCfECiMc-7FZDGZyS6UFeVLGqtbdf13,1A9A1GJIfRI2yTVCfECiMc,7FZDGZyS6UFeVLGqtbdf13,b,off,a,off,ce47efb9ab5e43a2988d7b25a1bacb1d,0,0,0,1,0,0,1,1,1,1,0,1,1,1
05859e071d0547e986577f0c71ce4142-2cFK03sObtI6AK3QKeOT5g-5Z54RgCfhRljLVjPZHy5dv,2cFK03sObtI6AK3QKeOT5g,5Z54RgCfhRljLVjPZHy5dv,a,off,a,off,05859e071d0547e986577f0c71ce4142,1,1,1,1,1,1,1,1,1,1,1,1,1,1
19493aeefc0d4dd498db11daf2e0b34a-31jC6KX8ESF4zw2vcXgiH1-3v40ZfXMtNrA6jyVPr14iP,31jC6KX8ESF4zw2vcXgiH1,3v40ZfXMtNrA6jyVPr14iP,b,off,a,off,19493aeefc0d4dd498db11daf2e0b34a,1,0,0,0,1,1,1,1,0,0,0,1,1,1
4d676d21184344d6ab719ccb4eb0ea72-1Dgv7NVyfjffh2wQ6mseT1-7h0QlrZFjyebrMceZ3Vlm4,1Dgv7NVyfjffh2wQ6mseT1,7h0QlrZFjyebrMceZ3Vlm4,equivalent,off,b,off,4d676d21184344d6ab719ccb4eb0ea72,0,0,0,0,0,0,1,1,0,1,1,0,0,0
e288d9a78d634cd3bb6913217f81f8c5-2Z0wYj3FALeUxrLtdLYMJH-7oyNkRW8FMOEjTfcFqI3l7,2Z0wYj3FALeUxrLtdLYMJH,7oyNkRW8FMOEjTfcFqI3l7,b,off,b,off,e288d9a78d634cd3bb6913217f81f8c5,0,0,0,0,0,0,0,0,0,0,0,0,0,0
895d874393f34a548d596d8fa7823935-1G6OJ29i0BWVXLAF8ds37r-5VWiodZjbO031AQiZW4ogu,1G6OJ29i0BWVXLAF8ds37r,5VWiodZjbO031AQiZW4ogu,b,off,b,off,895d874393f34a548d596d8fa7823935,1,1,1,1,1,1,1,1,1,1,1,1,1,1
2b94466d16aa460898cbec9a0e6fb95f-4ldzTjKrcFJ1AxWiZsgZh9-7AFqSqAmR7W9ptABWRSb5g,4ldzTjKrcFJ1AxWiZsgZh9,7AFqSqAmR7W9ptABWRSb5g,b,off,a,off,2b94466d16aa460898cbec9a0e6fb95f,1,0,0,0,1,1,1,0,0,0,0,1,1,1
db4e2b76f4ae4010a3345d045ec36562-11sC0rKY4O7CYfEk551Ee5-57a8sOc39lnCZzEmRWppce,11sC0rKY4O7CYfEk551Ee5,57a8sOc39lnCZzEmRWppce,equivalent,off,equivalent,off,db4e2b76f4ae4010a3345d045ec36562,0,0,0,0,0,0,0,0,1,0,0,0,0,0
630992e27c904a1b8e90a35f1e6b285a-3YpuQOhoAqxzH2iaU3a68q-5HpTaJd4IwfMYkgwUmHU2E,3YpuQOhoAqxzH2iaU3a68q,5HpTaJd4IwfMYkgwUmHU2E,b,off,b,off,630992e27c904a1b8e90a35f1e6b285a,0,1,1,1,1,1,1,1,1,1,1,1,1,1
6b12db291fa64f65966e879f094d8ba6-29NctYvQKXdQ3i4ZGmYBQU-2xPctWqifw9765P9OgX6zW,29NctYvQKXdQ3i4ZGmYBQU,2xPctWqifw9765P9OgX6zW,b,off,equivalent,off,6b12db291fa64f65966e879f094d8ba6,1,1,1,0,1,1,0,0,0,0,0,0,0,0
2b94466d16aa460898cbec9a0e6fb95f-3efj95Oob9ERN0oL3JvRjj-7AFqSqAmR7W9ptABWRSb5g,3efj95Oob9ERN0oL3JvRjj,7AFqSqAmR7W9ptABWRSb5g,equivalent,off,a,off,2b94466d16aa460898cbec9a0e6fb95f,0,0,0,0,1,0,0,1,0,0,1,0,0,1
0ca62ea31f5744fda98e866434f423b4-3FKi5WRPoafaARRScDJgJc-68FPQb43QsZdGdFgey8Zl3,3FKi5WRPoafaARRScDJgJc,68FPQb43QsZdGdFgey8Zl3,equivalent,off,equivalent,off,0ca62ea31f5744fda98e866434f423b4,1,1,0,0,0,0,0,1,0,0,0,0,0,0
aa9b1f4c67bc43659ed16a1153e69ed7-6HXDbCTxg77WmXb18qwJLz-6PQ6L9XaDZHHoguYOBZOXy,6HXDbCTxg77WmXb18qwJLz,6PQ6L9XaDZHHoguYOBZOXy,b,off,a,off,aa9b1f4c67bc43659ed16a1153e69ed7,1,1,0,0,1,1,1,1,0,0,0,0,0,0
ee0c1c5f8f0b44318a9673ba21ae3662-2MSvdhhOadGJ3mIvwGixkW-6z7IqWoMEvAIfFsiFJQBP8,2MSvdhhOadGJ3mIvwGixkW,6z7IqWoMEvAIfFsiFJQBP8,b,off,a,off,ee0c1c5f8f0b44318a9673ba21ae3662,0,0,0,0,0,0,0,0,1,1,1,0,0,0
fd3c5a09a4f746299e5d853841ec07b5-7cSjNG8lf4ZammGdJMRZht-7rVhW9T2OxhHTkMrjLf2w4,7cSjNG8lf4ZammGdJMRZht,7rVhW9T2OxhHTkMrjLf2w4,a,off,a,off,fd3c5a09a4f746299e5d853841ec07b5,0,1,1,1,1,1,1,1,1,0,1,1,1,1
e1244a60a2144e9d9c17ab7e93b54eec-0K2yX5bNS5U2VbUE4wncvR-2lxBZVbkiCXC1soks2RXwV,0K2yX5bNS5U2VbUE4wncvR,2lxBZVbkiCXC1soks2RXwV,a,off,b,off,e1244a60a2144e9d9c17ab7e93b54eec,1,1,1,1,0,0,0,1,0,1,0,0,0,0
319e887c21f9493aa3d9804f57cf17fa-4Zh7R0yX6T5QehcTtdC8Uw-5iZEeoDhHbFT78Sjt0oGur,4Zh7R0yX6T5QehcTtdC8Uw,5iZEeoDhHbFT78Sjt0oGur,b,off,a,off,319e887c21f9493aa3d9804f57cf17fa,0,0,0,0,1,0,1,1,0,1,1,0,1,1
7a5da71ec0b548468f99e1b4a94a385e-1YMPBK7iKEy6JH3q0ZovMk-5Bp6JaQQVpU9sdJWARSqQI,1YMPBK7iKEy6JH3q0ZovMk,5Bp6JaQQVpU9sdJWARSqQI,a,off,a,off,7a5da71ec0b548468f99e1b4a94a385e,1,1,1,1,1,1,1,1,1,1,1,1,1,1
df0b2850a8ab42cb8eae36dd8221943e-1Eh51pkjrb2fLHORA3snaw-7CiQkszuCFXCPQYlQRPFOb,1Eh51pkjrb2fLHORA3snaw,7CiQkszuCFXCPQYlQRPFOb,a,off,a,off,df0b2850a8ab42cb8eae36dd8221943e,1,1,0,1,1,1,1,1,0,0,1,0,1,1
719f8495e34c415594d2565aa42311be-0k30xe1ye3cRQxMxjy9ig1-6Vjb3iHeWXbemVVOIVA6OQ,0k30xe1ye3cRQxMxjy9ig1,6Vjb3iHeWXbemVVOIVA6OQ,b,off,b,off,719f8495e34c415594d2565aa42311be,0,0,0,1,0,1,0,0,1,1,0,0,0,0
d45ed1b771224054a9565643f074b246-5cxnSTLzGD1t9xcdmJYFVB-7Kjh6A5voYQ1rFFnYEbYq6,5cxnSTLzGD1t9xcdmJYFVB,7Kjh6A5voYQ1rFFnYEbYq6,a,off,equivalent,off,d45ed1b771224054a9565643f074b246,0,0,1,1,1,1,1,0,0,0,0,0,0,0
fc6e712939d142d7a259ff00af838264-6ZBiXweylRlROqwP3ODYgw-77j9SlhRd4MBGU998c7dnw,6ZBiXweylRlROqwP3ODYgw,77j9SlhRd4MBGU998c7dnw,a,off,equivalent,off,fc6e712939d142d7a259ff00af838264,1,1,1,1,1,1,1,0,0,0,0,0,0,0
5f64f8e487e94ee9b97547ef6942c74d-4SVb5IXwVJlcsvtEIA76BQ-6eStrUlthfFgrGEH2GfYUW,4SVb5IXwVJlcsvtEIA76BQ,6eStrUlthfFgrGEH2GfYUW,a,off,a,off,5f64f8e487e94ee9b97547ef6942c74d,1,1,1,1,1,1,1,1,1,1,1,1,1,1
ee0c1c5f8f0b44318a9673ba21ae3662-2fT0mFfdTEp29oVeiDeZLE-6z7IqWoMEvAIfFsiFJQBP8,2fT0mFfdTEp29oVeiDeZLE,6z7IqWoMEvAIfFsiFJQBP8,b,off,a,off,ee0c1c5f8f0b44318a9673ba21ae3662,1,0,0,0,1,0,1,1,0,0,0,0,1,1
258068597a1743acbc1e3d221fc79017-0PJDYtpq8UIi2a3pCwOONd-1l6nXc1niVewTIfgnlxgGh,0PJDYtpq8UIi2a3pCwOONd,1l6nXc1niVewTIfgnlxgGh,b,off,b,off,258068597a1743acbc1e3d221fc79017,1,1,1,1,1,1,1,1,1,1,1,1,1,1
ea08d0c2a91c4ac4961007de600dbd90-28nlAV0NMJczJRP3svBLbz-2DOfw6UDf0eyCdb0SMVZrE,28nlAV0NMJczJRP3svBLbz,2DOfw6UDf0eyCdb0SMVZrE,a,off,equivalent,off,ea08d0c2a91c4ac4961007de600dbd90,0,0,0,0,1,0,1,1,0,0,1,0,0,0
fd3c5a09a4f746299e5d853841ec07b5-2FuqRe4HIfExMP9noBUoZN-7cSjNG8lf4ZammGdJMRZht,2FuqRe4HIfExMP9noBUoZN,7cSjNG8lf4ZammGdJMRZht,a,off,b,off,fd3c5a09a4f746299e5d853841ec07b5,0,0,0,0,0,1,1,1,1,0,0,1,1,1
f580616cc35a4e4aae920a4ec3a5b0ed-13CVSGLSFl4UxpDVR6u3dq-2f5N826udWfjT9iomeaBJt,13CVSGLSFl4UxpDVR6u3dq,2f5N826udWfjT9iomeaBJt,b,off,b,off,f580616cc35a4e4aae920a4ec3a5b0ed,1,1,1,1,1,1,1,1,1,1,1,1,1,1
ae405961115c40bfad0921e732f555e2-3jOLDRqxIesrtij6eon89B-6XSLju3KymWQh4GrUmo7N5,3jOLDRqxIesrtij6eon89B,6XSLju3KymWQh4GrUmo7N5,a,off,b,off,ae405961115c40bfad0921e732f555e2,1,0,1,1,1,1,0,1,0,0,0,1,1,1
05859e071d0547e986577f0c71ce4142-2O7NzwAmSAoFyuX4P3jVUl-2cFK03sObtI6AK3QKeOT5g,2O7NzwAmSAoFyuX4P3jVUl,2cFK03sObtI6AK3QKeOT5g,b,off,b,off,05859e071d0547e986577f0c71ce4142,1,1,1,1,1,1,1,1,1,1,1,1,1,1
f7abc191a9734f329df704d8a280507c-3rMzu3VJTMClddW4wwDTCO-6LdKmpe4OMYKPBijgI9423,3rMzu3VJTMClddW4wwDTCO,6LdKmpe4OMYKPBijgI9423,a,off,b,off,f7abc191a9734f329df704d8a280507c,1,1,1,1,0,0,0,0,0,0,0,0,1,1
ae405961115c40bfad0921e732f555e2-3jOLDRqxIesrtij6eon89B-5M1gX3DQvgc7GI6dBWX9FL,3jOLDRqxIesrtij6eon89B,5M1gX3DQvgc7GI6dBWX9FL,b,off,b,off,ae405961115c40bfad0921e732f555e2,0,1,0,0,1,0,0,1,1,0,0,1,1,1
85e35d0c8a0b46109819f46215be84de-4c9ygoZeMOjvu3uoLpIsl6-5vmRQ3zELMLUQPo2FLQ76x,4c9ygoZeMOjvu3uoLpIsl6,5vmRQ3zELMLUQPo2FLQ76x,b,off,a,off,85e35d0c8a0b46109819f46215be84de,1,1,1,1,1,1,1,0,0,0,0,0,0,0
27aa404169a244868e9231a6f87f7988-1b0Ysj1GSYYA1liar5pSzC-5U2oynMNt5fLByUESvSSTc,1b0Ysj1GSYYA1liar5pSzC,5U2oynMNt5fLByUESvSSTc,b,off,a,off,27aa404169a244868e9231a6f87f7988,1,1,1,1,1,1,1,1,0,0,0,0,1,0
b3475647f1a94f08a07bd02025cb05ed-3QeOQM3KuMGZblLvVOfXtv-5XlzAyqqljr0f5p8wX1ycf,3QeOQM3KuMGZblLvVOfXtv,5XlzAyqqljr0f5p8wX1ycf,equivalent,off,b,off,b3475647f1a94f08a07bd02025cb05ed,0,0,0,0,0,0,0,0,0,0,0,0,0,0
1b02f828d27049dfbae3caed2011ed46-3FT5rciS8hsMzTrWNPcKIC-4UIknV675sWuDDSmZ0PVbC,3FT5rciS8hsMzTrWNPcKIC,4UIknV675sWuDDSmZ0PVbC,equivalent,off,equivalent,off,1b02f828d27049dfbae3caed2011ed46,1,0,1,0,0,0,0,0,0,0,0,0,0,0
c6ce62c6f347473fba8f6f2cd711f6a1-0paNrA7xVl2mEVIHW62Gvv-2rVkye5ARM6io0p6xoKyDF,0paNrA7xVl2mEVIHW62Gvv,2rVkye5ARM6io0p6xoKyDF,b,off,equivalent,off,c6ce62c6f347473fba8f6f2cd711f6a1,0,0,1,1,1,1,1,0,0,0,0,0,0,0
7141e69909e045858074ea4a9675d884-5RubKOuDoPn5Kj5TLVxSxY-6kAfAYGGj0xcsA2sHuY9jE,5RubKOuDoPn5Kj5TLVxSxY,6kAfAYGGj0xcsA2sHuY9jE,b,off,a,off,7141e69909e045858074ea4a9675d884,1,1,1,1,1,1,1,1,0,0,0,1,0,0
bf0cc34edc584e29bb7450d0c89319b8-43ZdIH57uxcyf1aKi9SVOh-54DU8ahuglhtKUPEZpPWSx,43ZdIH57uxcyf1aKi9SVOh,54DU8ahuglhtKUPEZpPWSx,b,off,b,off,bf0cc34edc584e29bb7450d0c89319b8,1,1,1,1,1,1,1,0,1,1,1,1,1,1
63f0a0e664a243aaa426b5946c508291-1yyhrO8v9JArxVQBl5X9lZ-7eEQwfbAfadIp0XEMPeVEj,1yyhrO8v9JArxVQBl5X9lZ,7eEQwfbAfadIp0XEMPeVEj,a,off,a,off,63f0a0e664a243aaa426b5946c508291,0,1,1,0,1,1,1,1,1,1,0,1,1,0
85e35d0c8a0b46109819f46215be84de-4c9ygoZeMOjvu3uoLpIsl6-5v6fwkgHeF0N32LmEoQyQB,4c9ygoZeMOjvu3uoLpIsl6,5v6fwkgHeF0N32LmEoQyQB,b,off,b,off,85e35d0c8a0b46109819f46215be84de,1,1,1,1,1,1,1,1,1,1,1,0,1,1
6ca7b92dbaee4a8ebff6730980847c4e-02dPJJKVdz9V36TIVu5iqQ-41JLeAkwHqFQwmIHEqHc1a,02dPJJKVdz9V36TIVu5iqQ,41JLeAkwHqFQwmIHEqHc1a,equivalent,off,equivalent,off,6ca7b92dbaee4a8ebff6730980847c4e,0,1,0,0,0,0,0,1,0,0,0,0,0,1
b6b3eb0c0a3d43b39a6859551ee57566-4Kta2gnhM1jmwDSIooMiHn-4YwtNF7PtbvsyYWz0QAzPy,4Kta2gnhM1jmwDSIooMiHn,4YwtNF7PtbvsyYWz0QAzPy,a,off,a,off,b6b3eb0c0a3d43b39a6859551ee57566,1,1,1,1,1,1,1,1,1,1,1,1,1,1
bf715bffa7ab4937a089dd318dc5fdd4-0iaTHjjwE5eSjnHqlhKmfk-6Xz87GPpMf0LnuG2XjdBbp,0iaTHjjwE5eSjnHqlhKmfk,6Xz87GPpMf0LnuG2XjdBbp,b,off,b,off,bf715bffa7ab4937a089dd318dc5fdd4,1,1,1,1,1,1,1,1,1,1,1,1,1,1
c6ce62c6f347473fba8f6f2cd711f6a1-2rVkye5ARM6io0p6xoKyDF-5w9lY4qeCIkiL6IrvYMz0G,2rVkye5ARM6io0p6xoKyDF,5w9lY4qeCIkiL6IrvYMz0G,a,off,a,off,c6ce62c6f347473fba8f6f2cd711f6a1,0,0,0,1,0,0,0,0,0,0,0,1,1,1
f9911c2ebd424b25a076f4b9496650d0-5euMTJfpQYrYcIraXO6LT2-6g5xYif6Sxy7W4a2AWF9oY,5euMTJfpQYrYcIraXO6LT2,6g5xYif6Sxy7W4a2AWF9oY,b,off,a,off,f9911c2ebd424b25a076f4b9496650d0,1,0,0,0,0,0,0,1,0,1,1,1,1,1
7141e69909e045858074ea4a9675d884-2eXwR9hQuIU2jRLg0xgKAn-5RubKOuDoPn5Kj5TLVxSxY,2eXwR9hQuIU2jRLg0xgKAn,5RubKOuDoPn5Kj5TLVxSxY,a,off,b,off,7141e69909e045858074ea4a9675d884,0,0,0,0,0,0,1,0,1,1,0,1,1,0
96f8c91e6c3a4bf486573e70553f65a0-2VJtcBv6So3ZRpzlnCrZnp-5Bo4xsbSuTqBAkxTIa3MIG,2VJtcBv6So3ZRpzlnCrZnp,5Bo4xsbSuTqBAkxTIa3MIG,a,off,b,off,96f8c91e6c3a4bf486573e70553f65a0,0,0,0,0,0,0,0,1,0,1,1,1,1,1
069e7e0bd70541f5ab5d6215a2971725-2H6JeFaiMo6XIYBxdMVHxj-6xyQGhjgxXslzWyOg6YnJd,2H6JeFaiMo6XIYBxdMVHxj,6xyQGhjgxXslzWyOg6YnJd,b,off,a,off,069e7e0bd70541f5ab5d6215a2971725,0,0,0,1,0,0,0,1,1,0,0,1,1,0
eaf42c42d459498eb1a0f833b5a6c3d6-04jkk9HM7mTlCNTYhWUZBx-5S7EeRgYr2T5EqqHhxY6YD,04jkk9HM7mTlCNTYhWUZBx,5S7EeRgYr2T5EqqHhxY6YD,b,off,a,off,eaf42c42d459498eb1a0f833b5a6c3d6,1,0,1,0,1,1,1,1,0,0,0,1,1,1
4d676d21184344d6ab719ccb4eb0ea72-1Dgv7NVyfjffh2wQ6mseT1-7yPgRhyTo1wXGPGqGJ2xvZ,1Dgv7NVyfjffh2wQ6mseT1,7yPgRhyTo1wXGPGqGJ2xvZ,a,off,b,off,4d676d21184344d6ab719ccb4eb0ea72,0,1,1,1,1,1,1,1,0,0,0,0,0,0
3c06793bd482452faab6595b339ce7b9-4HQSjQBUNpQxAU0s1OKJoL-7s041G2EuRCrEgjlQtdKgH,4HQSjQBUNpQxAU0s1OKJoL,7s041G2EuRCrEgjlQtdKgH,a,off,b,off,3c06793bd482452faab6595b339ce7b9,1,0,1,1,1,1,1,1,0,0,0,0,1,0
00e82665a2b640419527fc2f2b195ef5-5eeGG9WuvSiEEsfMfvBmzW-76jzIaoKJbmSUsj403kRAW,5eeGG9WuvSiEEsfMfvBmzW,76jzIaoKJbmSUsj403kRAW,b,off,a,off,00e82665a2b640419527fc2f2b195ef5,1,1,1,1,1,1,1,0,0,0,0,0,0,0
f2c55127433c49cb82440e18e4e06a2d-5JXCa1SjGCgTbN3yFzblYS-6iP3HRpbWj0iPd8gTSQgCn,5JXCa1SjGCgTbN3yFzblYS,6iP3HRpbWj0iPd8gTSQgCn,b,off,b,off,f2c55127433c49cb82440e18e4e06a2d,1,0,0,0,0,0,1,1,1,1,0,0,1,0
382f3da0904e466a851e9916781a3012-0b9kzYFHbjuFHqJNiGsw5L-3gFQOMoUwlR6aUZj81gCzu,0b9kzYFHbjuFHqJNiGsw5L,3gFQOMoUwlR6aUZj81gCzu,a,off,a,off,382f3da0904e466a851e9916781a3012,1,1,1,1,1,1,1,1,1,1,1,1,1,1
7182e050cb904bfea5481650c4105701-2PjJuEYjyNKXz1ekH6UprL-76JrvGv3AXciX58uSX1gOY,2PjJuEYjyNKXz1ekH6UprL,76JrvGv3AXciX58uSX1gOY,a,off,a,off,7182e050cb904bfea5481650c4105701,1,1,1,1,1,1,1,1,1,1,1,1,1,1
0ca62ea31f5744fda98e866434f423b4-3FKi5WRPoafaARRScDJgJc-682XjN6L1Qhs5rXbuGSQKK,3FKi5WRPoafaARRScDJgJc,682XjN6L1Qhs5rXbuGSQKK,b,off,a,off,0ca62ea31f5744fda98e866434f423b4,1,1,1,1,1,1,1,0,0,0,0,0,0,0
657f38fc0a904415aaa27ac137d6aace-0nhlsJHrfmxMIWYKAeQYIk-4rhaDfV9y5UvGZ67BT8U35,0nhlsJHrfmxMIWYKAeQYIk,4rhaDfV9y5UvGZ67BT8U35,a,off,b,off,657f38fc0a904415aaa27ac137d6aace,1,0,1,1,1,1,1,1,0,0,0,1,0,0
c66dac85ee3a4666a4c68643538db306-0pqfp38KgVkmkZSFjeYtRF-1aGx8NgFcC1SO6KP8WiMKa,0pqfp38KgVkmkZSFjeYtRF,1aGx8NgFcC1SO6KP8WiMKa,a,off,a,off,c66dac85ee3a4666a4c68643538db306,1,1,1,1,0,1,0,0,1,1,1,1,1,1
866c16baef87435989bc8285d707e02f-1MhiSsm2Qw3a8Av1fjshPZ-39yCGtosd95ZHkJuMeNWVn,1MhiSsm2Qw3a8Av1fjshPZ,39yCGtosd95ZHkJuMeNWVn,b,off,equivalent,off,866c16baef87435989bc8285d707e02f,1,1,1,1,1,1,1,0,0,0,0,0,0,0
c32e7b95be384d50838d618ae5f40833-1Mhf6QIO0UuVr2ZvQPgymt-2cNiej42Xd26nrpMgmNV1g,1Mhf6QIO0UuVr2ZvQPgymt,2cNiej42Xd26nrpMgmNV1g,a,off,b,off,c32e7b95be384d50838d618ae5f40833,1,0,0,0,0,1,0,0,1,0,1,1,1,1
7721880144404c6facad0ccab5403173-1PAnGhRo2tHpM2DNibEEe6-5cMmSjvcIiBFkI72hIbPog,1PAnGhRo2tHpM2DNibEEe6,5cMmSjvcIiBFkI72hIbPog,b,off,b,off,7721880144404c6facad0ccab5403173,1,1,1,1,1,1,1,1,1,1,1,1,1,1
fa145719850c4303902414570da68978-7eAuWMDKjQRnQzO6OyfVUd-7neWp4incUBLP1XQTNWmP0,7eAuWMDKjQRnQzO6OyfVUd,7neWp4incUBLP1XQTNWmP0,b,off,b,off,fa145719850c4303902414570da68978,1,1,1,1,1,1,1,1,1,1,1,1,1,1
657bd52e719f4d3ab92ff069b2277a52-1p5e91AoOaUA5hsi2FeKGv-28r5Yn3BHzgrefr2fhxi9C,1p5e91AoOaUA5hsi2FeKGv,28r5Yn3BHzgrefr2fhxi9C,a,off,a,off,657bd52e719f4d3ab92ff069b2277a52,0,1,1,1,1,1,0,0,1,1,1,1,1,1
ab6bedd345e3432a84309aa1a3acb427-1NPk0Y7AkLvirhSg4oI0bM-3oVgYDihp06yhea25YjOOm,1NPk0Y7AkLvirhSg4oI0bM,3oVgYDihp06yhea25YjOOm,b,off,a,off,ab6bedd345e3432a84309aa1a3acb427,0,0,0,0,1,1,1,1,0,0,0,1,1,1
f7abc191a9734f329df704d8a280507c-1S3I2Xe2bCTi6ZqkzZOF0d-3rMzu3VJTMClddW4wwDTCO,1S3I2Xe2bCTi6ZqkzZOF0d,3rMzu3VJTMClddW4wwDTCO,b,off,equivalent,off,f7abc191a9734f329df704d8a280507c,1,1,1,1,1,1,1,0,0,0,0,0,0,0
bd79aaecaa6545c3a9d62a1f8351552b-6AtpT1NzEgXmimb8x5kt3p-7MoYf0bDMAGXhERqM4cJlb,6AtpT1NzEgXmimb8x5kt3p,7MoYf0bDMAGXhERqM4cJlb,b,off,a,off,bd79aaecaa6545c3a9d62a1f8351552b,1,1,1,1,1,1,0,1,1,1,0,0,1,1
630992e27c904a1b8e90a35f1e6b285a-5HpTaJd4IwfMYkgwUmHU2E-7FXee3BOVk3huvTPfAz1IL,5HpTaJd4IwfMYkgwUmHU2E,7FXee3BOVk3huvTPfAz1IL,a,off,a,off,630992e27c904a1b8e90a35f1e6b285a,1,1,1,1,1,1,1,0,1,1,1,1,0,1
630992e27c904a1b8e90a35f1e6b285a-3YpuQOhoAqxzH2iaU3a68q-7FXee3BOVk3huvTPfAz1IL,3YpuQOhoAqxzH2iaU3a68q,7FXee3BOVk3huvTPfAz1IL,a,off,b,off,630992e27c904a1b8e90a35f1e6b285a,1,0,1,1,1,1,1,1,0,0,0,1,1,1
8d89d4b7f5cc4aed8681b19cc2baf27a-18XYNWjG0BQctJOar6jmkf-5x6ajvVo6J4A4vO10WJFwy,18XYNWjG0BQctJOar6jmkf,5x6ajvVo6J4A4vO10WJFwy,a,off,b,off,8d89d4b7f5cc4aed8681b19cc2baf27a,1,1,1,1,1,1,1,0,0,0,0,0,0,0
b3475647f1a94f08a07bd02025cb05ed-35U4PXL3W3XIkAjEUdhr36-3QeOQM3KuMGZblLvVOfXtv,35U4PXL3W3XIkAjEUdhr36,3QeOQM3KuMGZblLvVOfXtv,a,off,a,off,b3475647f1a94f08a07bd02025cb05ed,1,1,1,1,1,1,1,1,1,1,1,1,1,1
5ca712360f5d4ef7944e916d6dc77487-1Mp0VnK8tBAjgnkICTO2C2-4fAjUuYdFVbrdSQcgKEUPG,1Mp0VnK8tBAjgnkICTO2C2,4fAjUuYdFVbrdSQcgKEUPG,a,off,b,off,5ca712360f5d4ef7944e916d6dc77487,0,0,0,0,0,0,0,1,1,1,1,1,1,1
90bd310016ee485d8816949000ccbbff-51hVWGLtmBYhDKfldlp3mc-6HTxZGspnD9hpqA7bNbucE,51hVWGLtmBYhDKfldlp3mc,6HTxZGspnD9hpqA7bNbucE,b,off,a,off,90bd310016ee485d8816949000ccbbff,0,0,0,0,0,0,0,1,1,1,1,1,1,1
27aa404169a244868e9231a6f87f7988-1tBVMHom1wGGif0SnLbzRy-5U2oynMNt5fLByUESvSSTc,1tBVMHom1wGGif0SnLbzRy,5U2oynMNt5fLByUESvSSTc,b,off,a,off,27aa404169a244868e9231a6f87f7988,1,0,0,0,1,1,1,1,0,0,0,1,1,1
5f64f8e487e94ee9b97547ef6942c74d-5taQsLHbUf8WvzcBnUEpxe-6eStrUlthfFgrGEH2GfYUW,5taQsLHbUf8WvzcBnUEpxe,6eStrUlthfFgrGEH2GfYUW,b,off,a,off,5f64f8e487e94ee9b97547ef6942c74d,0,0,0,0,1,0,1,1,0,1,1,0,1,0
f39a589de57540a8bc82989179f4444c-5Fcra9ACDSDT1IB4z9SOgm-7lYj2tdrfCA81BoqeMcxQV,5Fcra9ACDSDT1IB4z9SOgm,7lYj2tdrfCA81BoqeMcxQV,a,off,b,off,f39a589de57540a8bc82989179f4444c,0,1,0,0,1,0,0,1,0,1,1,1,1,1
90bd310016ee485d8816949000ccbbff-3B9CVXsyyFRVQwCPYbhS9m-51hVWGLtmBYhDKfldlp3mc,3B9CVXsyyFRVQwCPYbhS9m,51hVWGLtmBYhDKfldlp3mc,b,off,equivalent,off,90bd310016ee485d8816949000ccbbff,1,0,1,1,1,1,1,0,0,0,0,0,0,0
dd194fcc319946dfaf1e2132c9f1e1b8-3vtSBUW15bXapWOaByIo06-5wDFh3bQmCRCnH6miOngrs,3vtSBUW15bXapWOaByIo06,5wDFh3bQmCRCnH6miOngrs,b,off,a,off,dd194fcc319946dfaf1e2132c9f1e1b8,0,0,0,1,0,1,1,1,1,0,0,1,1,1
90bd310016ee485d8816949000ccbbff-3B9CVXsyyFRVQwCPYbhS9m-6HTxZGspnD9hpqA7bNbucE,3B9CVXsyyFRVQwCPYbhS9m,6HTxZGspnD9hpqA7bNbucE,b,off,a,off,90bd310016ee485d8816949000ccbbff,0,0,0,0,0,0,0,1,1,1,1,1,1,1
f18a9673be7d4fa5a3be5b8c7800d0f2-1uigwk5hNV84zRd5YQQRTk-5RAfJM5qFlh2t5DXgrhUCP,1uigwk5hNV84zRd5YQQRTk,5RAfJM5qFlh2t5DXgrhUCP,b,off,equivalent,off,f18a9673be7d4fa5a3be5b8c7800d0f2,0,1,1,1,1,1,1,0,0,0,0,0,0,0
dd194fcc319946dfaf1e2132c9f1e1b8-24zP7HDzOD078cjG0q61i3-3vtSBUW15bXapWOaByIo06,24zP7HDzOD078cjG0q61i3,3vtSBUW15bXapWOaByIo06,b,off,a,off,dd194fcc319946dfaf1e2132c9f1e1b8,1,0,0,0,0,0,0,1,1,1,1,1,1,1
c6ce62c6f347473fba8f6f2cd711f6a1-0paNrA7xVl2mEVIHW62Gvv-5w9lY4qeCIkiL6IrvYMz0G,0paNrA7xVl2mEVIHW62Gvv,5w9lY4qeCIkiL6IrvYMz0G,equivalent,off,a,off,c6ce62c6f347473fba8f6f2cd711f6a1,0,0,0,0,0,0,0,0,0,0,0,1,1,1
1806d65f82974bdf82f82e0143684d54-5CFQoWd1c8yuA5KAg75NaU-5SiFNEq6d7DoY25ZJxal7Q,5CFQoWd1c8yuA5KAg75NaU,5SiFNEq6d7DoY25ZJxal7Q,b,off,b,off,1806d65f82974bdf82f82e0143684d54,1,1,1,1,1,1,1,1,1,1,1,1,1,1
7141e69909e045858074ea4a9675d884-2eXwR9hQuIU2jRLg0xgKAn-6kAfAYGGj0xcsA2sHuY9jE,2eXwR9hQuIU2jRLg0xgKAn,6kAfAYGGj0xcsA2sHuY9jE,a,off,b,off,7141e69909e045858074ea4a9675d884,0,0,0,0,0,0,1,0,1,1,1,1,1,1
1b02f828d27049dfbae3caed2011ed46-4DPRxuevAJUdeGco6vG021-4UIknV675sWuDDSmZ0PVbC,4DPRxuevAJUdeGco6vG021,4UIknV675sWuDDSmZ0PVbC,equivalent,off,a,off,1b02f828d27049dfbae3caed2011ed46,1,1,1,0,1,0,0,0,1,1,0,1,1,0
ce47efb9ab5e43a2988d7b25a1bacb1d-4ZtkIurvcUISJjY5CiTz6y-7FZDGZyS6UFeVLGqtbdf13,4ZtkIurvcUISJjY5CiTz6y,7FZDGZyS6UFeVLGqtbdf13,b,off,a,off,ce47efb9ab5e43a2988d7b25a1bacb1d,0,0,0,0,0,0,0,1,1,1,1,1,1,1
c8dac57624104e5c8ee891224ddabca7-2M6FEnvGrs0t9qQzHu64NX-4Hzss8q0jDWa2PjXDGqYZL,2M6FEnvGrs0t9qQzHu64NX,4Hzss8q0jDWa2PjXDGqYZL,a,off,a,off,c8dac57624104e5c8ee891224ddabca7,1,1,1,1,1,1,1,1,1,1,1,1,1,1
4d676d21184344d6ab719ccb4eb0ea72-7h0QlrZFjyebrMceZ3Vlm4-7yPgRhyTo1wXGPGqGJ2xvZ,7h0QlrZFjyebrMceZ3Vlm4,7yPgRhyTo1wXGPGqGJ2xvZ,a,off,b,off,4d676d21184344d6ab719ccb4eb0ea72,1,1,1,1,0,1,1,0,0,0,0,0,0,0
8f2c533c3fbf4fbc8872c21d80497373-5bVGde0mlhSZeDZrBu4SH3-6qnUKDSvuavFerJJSLGZyG,5bVGde0mlhSZeDZrBu4SH3,6qnUKDSvuavFerJJSLGZyG,a,off,equivalent,off,8f2c533c3fbf4fbc8872c21d80497373,0,0,0,0,1,1,0,0,0,0,0,0,0,1
f9911c2ebd424b25a076f4b9496650d0-2XovTk5PnPHSpQ2GHpC0SE-6g5xYif6Sxy7W4a2AWF9oY,2XovTk5PnPHSpQ2GHpC0SE,6g5xYif6Sxy7W4a2AWF9oY,b,off,a,off,f9911c2ebd424b25a076f4b9496650d0,1,1,1,1,1,1,1,1,0,0,0,0,0,0
b6b3eb0c0a3d43b39a6859551ee57566-4Kta2gnhM1jmwDSIooMiHn-4pIiKrGXCgTZOAFGJjCEvL,4Kta2gnhM1jmwDSIooMiHn,4pIiKrGXCgTZOAFGJjCEvL,equivalent,off,equivalent,off,b6b3eb0c0a3d43b39a6859551ee57566,1,0,0,0,0,0,0,0,0,0,0,0,1,0
6ca7b92dbaee4a8ebff6730980847c4e-02dPJJKVdz9V36TIVu5iqQ-4hmwu3e0flrPY49HpSMSHE,02dPJJKVdz9V36TIVu5iqQ,4hmwu3e0flrPY49HpSMSHE,equivalent,off,equivalent,off,6ca7b92dbaee4a8ebff6730980847c4e,0,0,1,0,0,0,0,1,1,0,1,0,0,0
d45ed1b771224054a9565643f074b246-0RstfX9nRY1Lfuy1808MoT-5cxnSTLzGD1t9xcdmJYFVB,0RstfX9nRY1Lfuy1808MoT,5cxnSTLzGD1t9xcdmJYFVB,b,off,a,off,d45ed1b771224054a9565643f074b246,1,1,1,1,1,1,1,0,0,0,0,0,0,0
63f0a0e664a243aaa426b5946c508291-1yyhrO8v9JArxVQBl5X9lZ-6bCbTzbCzv99CWW4U3SXeN,1yyhrO8v9JArxVQBl5X9lZ,6bCbTzbCzv99CWW4U3SXeN,b,off,a,off,63f0a0e664a243aaa426b5946c508291,1,1,0,1,1,0,1,1,0,0,0,0,0,0
f580616cc35a4e4aae920a4ec3a5b0ed-2f5N826udWfjT9iomeaBJt-5CR6fkqEbUECCh7DRPSEd8,2f5N826udWfjT9iomeaBJt,5CR6fkqEbUECCh7DRPSEd8,a,off,a,off,f580616cc35a4e4aae920a4ec3a5b0ed,1,1,1,1,1,1,1,1,1,1,1,1,1,1
7872c3ab125c4f36a9383333dc3612de-0aPwsqShRgDtDohRU3qOvP-2Nlscuog6PEPrWW4FWjKs8,0aPwsqShRgDtDohRU3qOvP,2Nlscuog6PEPrWW4FWjKs8,a,off,equivalent,off,7872c3ab125c4f36a9383333dc3612de,1,1,1,1,1,1,1,0,0,0,0,0,0,0
7a5da71ec0b548468f99e1b4a94a385e-5Bp6JaQQVpU9sdJWARSqQI-7GgYmXY3PfDjTiyjUlvF7Y,5Bp6JaQQVpU9sdJWARSqQI,7GgYmXY3PfDjTiyjUlvF7Y,b,off,b,off,7a5da71ec0b548468f99e1b4a94a385e,1,1,1,1,1,1,1,1,1,1,1,1,1,1
088f37d080724afe8e4510e73a545564-4mPwqe3Z9ow3DdnceAhHYG-7CeRWs6kX4dpiVqV05pyey,4mPwqe3Z9ow3DdnceAhHYG,7CeRWs6kX4dpiVqV05pyey,b,off,b,off,088f37d080724afe8e4510e73a545564,0,1,1,1,1,1,0,0,1,1,0,1,1,1
344928c7abae483d97dddca96f3657f4-0ZP2U0OV3M0BdbHOm7f2gU-1mMLotALPV8n1vRc6YAbzh,0ZP2U0OV3M0BdbHOm7f2gU,1mMLotALPV8n1vRc6YAbzh,a,off,b,off,344928c7abae483d97dddca96f3657f4,1,1,1,1,1,1,1,0,0,0,0,0,0,0
ad7ff292dfa645eea927a169565e6ef1-10o77g0dYINChr9YUD26HP-5QMxY59cR4cG0jYSw64E8v,10o77g0dYINChr9YUD26HP,5QMxY59cR4cG0jYSw64E8v,b,off,b,off,ad7ff292dfa645eea927a169565e6ef1,1,1,1,0,1,1,1,0,1,1,0,1,1,0
7ce56154432a4d9193db2d270c123c71-01fFNfzZicmAL8ROZWOiu4-3SLHDuEf8RCAGHmdh5tr9u,01fFNfzZicmAL8ROZWOiu4,3SLHDuEf8RCAGHmdh5tr9u,equivalent,off,b,off,7ce56154432a4d9193db2d270c123c71,0,0,0,0,0,0,0,1,0,0,0,1,1,0
f2c55127433c49cb82440e18e4e06a2d-0WT7k67MaDmKUDrDGpcN2q-5JXCa1SjGCgTbN3yFzblYS,0WT7k67MaDmKUDrDGpcN2q,5JXCa1SjGCgTbN3yFzblYS,a,off,b,off,f2c55127433c49cb82440e18e4e06a2d,1,0,0,0,0,0,0,1,0,1,1,1,0,1
7182e050cb904bfea5481650c4105701-2PjJuEYjyNKXz1ekH6UprL-3VGna0Rewe9Mzvrdycsyg2,2PjJuEYjyNKXz1ekH6UprL,3VGna0Rewe9Mzvrdycsyg2,a,off,a,off,7182e050cb904bfea5481650c4105701,1,1,1,1,0,1,1,1,1,1,1,1,1,1
df58941a8e67481ba89d34d2dfd40088-3jWbhr0l8SfUA37Vkj6iqW-3xXV4j3vtCe8GsmMrdokGh,3jWbhr0l8SfUA37Vkj6iqW,3xXV4j3vtCe8GsmMrdokGh,b,off,a,off,df58941a8e67481ba89d34d2dfd40088,1,1,1,1,1,1,1,0,0,0,0,0,0,0
ad7ff292dfa645eea927a169565e6ef1-10o77g0dYINChr9YUD26HP-5jiADQVqIuJmCE7hrhhUDU,10o77g0dYINChr9YUD26HP,5jiADQVqIuJmCE7hrhhUDU,equivalent,off,a,off,ad7ff292dfa645eea927a169565e6ef1,0,0,0,0,0,0,1,1,0,1,1,0,1,1
ea08d0c2a91c4ac4961007de600dbd90-2DOfw6UDf0eyCdb0SMVZrE-2o6pna5Xx22CjZ0MqYtSfx,2DOfw6UDf0eyCdb0SMVZrE,2o6pna5Xx22CjZ0MqYtSfx,a,off,b,off,ea08d0c2a91c4ac4961007de600dbd90,1,0,1,1,1,1,1,1,0,0,0,1,0,0
